VIDEO,MODEL_TYPE,LitterNET,Unnamed: 3,object_id,litter_present,litter_detected,conf
1,YOLOv11s,False,152.0,0,False,True,0.588655948638916
1,YOLOv11s,False,183.0,0,False,True,0.5641278028488159
1,YOLOv11s,False,184.0,0,False,True,0.5050953030586243
1,YOLOv11s,False,185.0,0,False,True,0.5224589109420776
1,YOLOv11s,False,186.0,0,False,True,0.554309070110321
1,YOLOv11s,False,187.0,0,False,True,0.5272378921508789
1,YOLOv11s,False,209.0,0,False,True,0.6637622117996216
1,YOLOv11s,False,210.0,0,False,True,0.5281767249107361
1,YOLOv11s,False,372.0,0,True,True,0.5297242403030396
1,YOLOv11s,False,373.0,0,True,True,0.504895806312561
1,YOLOv11s,False,436.0,0,True,True,0.5715402364730835
1,YOLOv11s,False,437.0,0,True,True,0.5078274011611938
1,YOLOv11s,False,438.0,0,True,True,0.5431058406829834
1,YOLOv11s,False,443.0,0,True,True,0.5385808348655701
1,YOLOv11s,False,445.0,0,True,True,0.5461711287498474
1,YOLOv11s,False,446.0,0,True,True,0.5228613615036011
1,YOLOv11s,False,447.0,0,True,True,0.5173226594924927
1,YOLOv11s,False,454.0,0,True,True,0.5393764972686768
1,YOLOv11s,False,455.0,0,True,True,0.5668462514877319
1,YOLOv11s,False,456.0,0,True,True,0.6205580830574036
1,YOLOv11s,False,457.0,0,True,True,0.6106990575790405
1,YOLOv11s,False,458.0,0,True,True,0.5382754802703857
1,YOLOv11s,False,459.0,0,True,True,0.6105212569236755
1,YOLOv11s,False,460.0,0,True,True,0.6268066167831421
1,YOLOv11s,False,461.0,0,True,True,0.6418225765228271
1,YOLOv11s,False,462.0,0,True,True,0.6358513832092285
1,YOLOv11s,False,463.0,0,True,True,0.6164795160293579
1,YOLOv11s,False,464.0,0,True,True,0.6025789976119995
1,YOLOv11s,False,465.0,0,True,True,0.6174732446670532
1,YOLOv11s,False,466.0,0,True,True,0.6050182580947876
1,YOLOv11s,False,467.0,0,True,True,0.5701858997344971
1,YOLOv11s,False,468.0,0,True,True,0.5462293028831482
1,YOLOv11s,False,469.0,0,True,True,0.5359419584274292
1,YOLOv11s,False,470.0,0,True,True,0.6015249490737915
1,YOLOv11s,False,471.0,0,True,True,0.5897424221038818
1,YOLOv11s,False,472.0,0,True,True,0.5930687189102173
1,YOLOv11s,False,473.0,0,True,True,0.6061826944351196
1,YOLOv11s,False,474.0,0,True,True,0.6107709407806396
1,YOLOv11s,False,475.0,0,True,True,0.5874918103218079
1,YOLOv11s,False,476.0,0,True,True,0.6006635427474976
1,YOLOv11s,False,477.0,0,True,True,0.5839517116546631
1,YOLOv11s,False,478.0,0,True,True,0.6292481422424316
1,YOLOv11s,False,479.0,0,True,True,0.6182136535644531
1,YOLOv11s,False,480.0,0,True,True,0.6012536287307739
1,YOLOv11s,False,481.0,0,True,True,0.6088518500328064
1,YOLOv11s,False,482.0,0,True,True,0.6206966042518616
1,YOLOv11s,False,483.0,0,True,True,0.6198543310165405
1,YOLOv11s,False,484.0,0,True,True,0.6335694789886475
1,YOLOv11s,False,485.0,0,True,True,0.6191990375518799
1,YOLOv11s,False,486.0,0,True,True,0.6288255453109741
1,YOLOv11s,False,487.0,0,True,True,0.6290523409843445
1,YOLOv11s,False,488.0,0,True,True,0.621867299079895
1,YOLOv11s,False,489.0,0,True,True,0.6183342337608337
1,YOLOv11s,False,490.0,0,True,True,0.6288629770278931
1,YOLOv11s,False,491.0,0,True,True,0.6184420585632324
1,YOLOv11s,False,492.0,0,True,True,0.5982800722122192
1,YOLOv11s,False,493.0,0,True,True,0.615836501121521
1,YOLOv11s,False,494.0,0,True,True,0.6416721940040588
1,YOLOv11s,False,495.0,0,True,True,0.6497616171836853
1,YOLOv11s,False,496.0,0,True,True,0.6553026437759399
1,YOLOv11s,False,497.0,0,True,True,0.6514542698860168
1,YOLOv11s,False,498.0,0,True,True,0.6558851003646851
1,YOLOv11s,False,499.0,0,True,True,0.6485439538955688
1,YOLOv11s,False,500.0,0,True,True,0.6433074474334717
1,YOLOv11s,False,501.0,0,True,True,0.6441202163696289
1,YOLOv11s,False,502.0,0,True,True,0.640478253364563
1,YOLOv11s,False,503.0,0,True,True,0.6400278806686401
1,YOLOv11s,False,504.0,0,True,True,0.5921408534049988
1,YOLOv11s,False,505.0,0,True,True,0.5862346887588501
1,YOLOv11s,False,506.0,0,True,True,0.6065118312835693
1,YOLOv11s,False,507.0,0,True,True,0.6199666261672974
1,YOLOv11s,False,508.0,0,True,True,0.5999112129211426
1,YOLOv11s,False,509.0,0,True,True,0.6016319990158081
1,YOLOv11s,False,510.0,0,True,True,0.6123037934303284
1,YOLOv11s,False,511.0,0,True,True,0.605438232421875
1,YOLOv11s,False,512.0,0,True,True,0.6113996505737305
1,YOLOv11s,False,513.0,0,True,True,0.6329386830329895
1,YOLOv11s,False,514.0,0,True,True,0.6216089129447937
1,YOLOv11s,False,515.0,0,True,True,0.6201485991477966
1,YOLOv11s,False,516.0,0,True,True,0.6127229928970337
1,YOLOv11s,False,517.0,0,True,True,0.6270257234573364
1,YOLOv11s,False,518.0,0,True,True,0.5924720168113708
1,YOLOv11s,False,519.0,0,True,True,0.5952968597412109
1,YOLOv11s,False,520.0,0,True,True,0.5989388823509216
1,YOLOv11s,False,521.0,0,True,True,0.6016266942024231
1,YOLOv11s,False,522.0,0,True,True,0.6224474906921387
1,YOLOv11s,False,523.0,0,True,True,0.6177713871002197
1,YOLOv11s,False,524.0,0,True,True,0.6127290725708008
1,YOLOv11s,False,525.0,0,True,True,0.6108548045158386
1,YOLOv11s,False,526.0,0,True,True,0.6095706820487976
1,YOLOv11s,False,527.0,0,True,True,0.6096810102462769
1,YOLOv11s,False,528.0,0,True,True,0.558068037033081
1,YOLOv11s,False,529.0,0,True,True,0.5637197494506836
1,YOLOv11s,False,530.0,0,True,True,0.5950769186019897
1,YOLOv11s,False,531.0,0,True,True,0.6103125810623169
1,YOLOv11s,False,532.0,0,True,True,0.6150532960891724
1,YOLOv11s,False,533.0,0,True,True,0.6167877912521362
1,YOLOv11s,False,534.0,0,True,True,0.5956241488456726
1,YOLOv11s,False,535.0,0,True,True,0.591168999671936
1,YOLOv11s,False,536.0,0,True,True,0.585951030254364
1,YOLOv11s,False,537.0,0,True,True,0.57423996925354
1,YOLOv11s,False,538.0,0,True,True,0.5997124910354614
1,YOLOv11s,False,539.0,0,True,True,0.5856090188026428
1,YOLOv11s,False,540.0,0,True,True,0.5079952478408813
1,YOLOv11s,False,541.0,0,True,True,0.5131490230560303
1,YOLOv11s,False,542.0,0,True,True,0.5160593390464783
1,YOLOv11s,False,543.0,0,True,True,0.5321164131164551
1,YOLOv11s,False,544.0,0,True,True,0.5135338306427002
1,YOLOv11s,False,545.0,0,True,True,0.5177513957023621
1,YOLOv11s,False,546.0,0,True,True,0.5355281829833984
1,YOLOv11s,False,547.0,0,True,True,0.5426744222640991
1,YOLOv11s,False,548.0,0,True,True,0.5659817457199097
1,YOLOv11s,False,549.0,0,True,True,0.560193657875061
1,YOLOv11s,False,550.0,0,True,True,0.5667474269866943
1,YOLOv11s,False,551.0,0,True,True,0.5619034767150879
1,YOLOv11s,False,552.0,0,True,True,0.5519880056381226
1,YOLOv11s,False,553.0,0,True,True,0.5959601402282715
1,YOLOv11s,False,554.0,0,True,True,0.5658716559410095
1,YOLOv11s,False,555.0,0,True,True,0.5617039203643799
1,YOLOv11s,False,556.0,0,True,True,0.5639660358428955
1,YOLOv11s,False,557.0,0,True,True,0.5528684854507446
1,YOLOv11s,False,558.0,0,True,True,0.5715844631195068
1,YOLOv11s,False,559.0,0,True,True,0.5454044342041016
1,YOLOv11s,False,560.0,0,True,True,0.5672416687011719
1,YOLOv11s,False,561.0,0,True,True,0.5563291907310486
1,YOLOv11s,False,562.0,0,True,True,0.5776433348655701
1,YOLOv11s,False,563.0,0,True,True,0.5633073449134827
1,YOLOv11s,False,564.0,0,True,True,0.5566123723983765
1,YOLOv11s,False,565.0,0,True,True,0.5630379915237427
1,YOLOv11s,False,566.0,0,True,True,0.5818848609924316
1,YOLOv11s,False,567.0,0,True,True,0.5754610300064087
1,YOLOv11s,False,568.0,0,True,True,0.5618811845779419
1,YOLOv11s,False,569.0,0,True,True,0.5503671169281006
1,YOLOv11s,False,570.0,0,True,True,0.5545647144317627
1,YOLOv11s,False,571.0,0,True,True,0.5554580688476562
1,YOLOv11s,False,572.0,0,True,True,0.5518834590911865
1,YOLOv11s,False,573.0,0,True,True,0.5297756195068359
1,YOLOv11s,False,574.0,0,True,True,0.5267653465270996
1,YOLOv11s,False,575.0,0,True,True,0.5013576745986938
1,YOLOv11s,False,576.0,0,True,True,0.5269030332565308
1,YOLOv11s,False,577.0,0,True,True,0.5255891680717468
1,YOLOv11s,False,578.0,0,True,True,0.554412305355072
1,YOLOv11s,False,579.0,0,True,True,0.5528444647789001
1,YOLOv11s,False,580.0,0,True,True,0.5501216650009155
1,YOLOv11s,False,581.0,0,True,True,0.5439632534980774
1,YOLOv11s,False,582.0,0,True,True,0.5455124974250793
1,YOLOv11s,False,583.0,0,True,True,0.5352240800857544
1,YOLOv11s,False,584.0,0,True,True,0.5248391032218933
1,YOLOv11s,False,585.0,0,True,True,0.5317099690437317
1,YOLOv11s,False,586.0,0,True,True,0.5326716899871826
1,YOLOv11s,False,587.0,0,True,True,0.5379023551940918
1,YOLOv11s,False,588.0,0,True,True,0.5310033559799194
1,YOLOv11s,False,589.0,0,True,True,0.5295572280883789
1,YOLOv11s,False,590.0,0,True,True,0.5339452028274536
1,YOLOv11s,False,591.0,0,True,True,0.5312479734420776
1,YOLOv11s,False,592.0,0,True,True,0.5363055467605591
1,YOLOv11s,False,593.0,0,True,True,0.5330891609191895
1,YOLOv11s,False,594.0,0,True,True,0.5329366326332092
1,YOLOv11s,False,595.0,0,True,True,0.5364035367965698
2,YOLOv11s,False,276.0,0,False,True,0.5106603503227234
2,YOLOv11s,False,286.0,0,False,True,0.528083324432373
2,YOLOv11s,False,287.0,0,False,True,0.5553935766220093
2,YOLOv11s,False,288.0,0,False,True,0.5600910186767578
2,YOLOv11s,False,289.0,0,False,True,0.5773452520370483
2,YOLOv11s,False,290.0,0,False,True,0.5674216747283936
2,YOLOv11s,False,291.0,0,False,True,0.6022534370422363
2,YOLOv11s,False,292.0,0,False,True,0.6077690720558167
2,YOLOv11s,False,293.0,0,False,True,0.5458512306213379
2,YOLOv11s,False,294.0,0,False,True,0.5354921221733093
2,YOLOv11s,False,295.0,0,False,True,0.5462353229522705
2,YOLOv11s,False,296.0,0,False,True,0.5559285283088684
2,YOLOv11s,False,297.0,0,False,True,0.5938977599143982
2,YOLOv11s,False,298.0,0,False,True,0.597897469997406
2,YOLOv11s,False,299.0,0,False,True,0.6046879887580872
2,YOLOv11s,False,300.0,0,False,True,0.6127281188964844
2,YOLOv11s,False,301.0,0,False,True,0.601506233215332
2,YOLOv11s,False,302.0,0,False,True,0.5617877244949341
2,YOLOv11s,False,303.0,0,False,True,0.5648826956748962
2,YOLOv11s,False,304.0,0,False,True,0.6068450212478638
2,YOLOv11s,False,305.0,0,False,True,0.6077488660812378
2,YOLOv11s,False,306.0,0,False,True,0.6188335418701172
2,YOLOv11s,False,307.0,0,False,True,0.5903034210205078
2,YOLOv11s,False,308.0,0,False,True,0.5955324769020081
2,YOLOv11s,False,309.0,0,False,True,0.5958051681518555
2,YOLOv11s,False,310.0,0,False,True,0.5954422354698181
2,YOLOv11s,False,311.0,0,False,True,0.5897597074508667
2,YOLOv11s,False,312.0,0,False,True,0.5811477899551392
2,YOLOv11s,False,313.0,0,False,True,0.5596035718917847
2,YOLOv11s,False,314.0,0,False,True,0.5770405530929565
2,YOLOv11s,False,315.0,0,False,True,0.5938684940338135
2,YOLOv11s,False,316.0,0,False,True,0.6095584034919739
2,YOLOv11s,False,317.0,0,False,True,0.6105067729949951
2,YOLOv11s,False,318.0,0,False,True,0.6203638315200806
2,YOLOv11s,False,319.0,0,False,True,0.6324905753135681
2,YOLOv11s,False,320.0,0,False,True,0.6356879472732544
2,YOLOv11s,False,321.0,0,False,True,0.6408421993255615
2,YOLOv11s,False,322.0,0,False,True,0.6376684904098511
2,YOLOv11s,False,323.0,0,False,True,0.644469678401947
2,YOLOv11s,False,324.0,0,False,True,0.6264170408248901
2,YOLOv11s,False,325.0,0,False,True,0.6289165616035461
2,YOLOv11s,False,326.0,0,False,True,0.6355947256088257
2,YOLOv11s,False,327.0,0,False,True,0.6340546607971191
2,YOLOv11s,False,328.0,0,False,True,0.6330000758171082
2,YOLOv11s,False,329.0,0,False,True,0.6422662138938904
2,YOLOv11s,False,330.0,0,False,True,0.6417495608329773
2,YOLOv11s,False,331.0,0,False,True,0.6590499877929688
2,YOLOv11s,False,332.0,0,False,True,0.6591529846191406
2,YOLOv11s,False,333.0,0,False,True,0.6670688986778259
2,YOLOv11s,False,334.0,0,False,True,0.6617118120193481
2,YOLOv11s,False,335.0,0,False,True,0.6525092124938965
2,YOLOv11s,False,336.0,0,False,True,0.6529832482337952
2,YOLOv11s,False,337.0,0,False,True,0.6477211713790894
2,YOLOv11s,False,338.0,0,False,True,0.6378923654556274
2,YOLOv11s,False,339.0,0,False,True,0.6438742280006409
2,YOLOv11s,False,340.0,0,False,True,0.6508236527442932
2,YOLOv11s,False,341.0,0,False,True,0.6569721102714539
2,YOLOv11s,False,342.0,0,False,True,0.6744987368583679
2,YOLOv11s,False,343.0,0,False,True,0.6609635353088379
2,YOLOv11s,False,344.0,0,False,True,0.6621228456497192
2,YOLOv11s,False,345.0,0,False,True,0.6564963459968567
2,YOLOv11s,False,346.0,0,False,True,0.6567586660385132
2,YOLOv11s,False,347.0,0,False,True,0.6582673788070679
2,YOLOv11s,False,348.0,0,False,True,0.6638279557228088
2,YOLOv11s,False,349.0,0,False,True,0.6682826280593872
2,YOLOv11s,False,350.0,0,False,True,0.6554700136184692
2,YOLOv11s,False,351.0,0,False,True,0.6592580080032349
2,YOLOv11s,False,352.0,0,False,True,0.6610313057899475
2,YOLOv11s,False,353.0,0,False,True,0.6711997985839844
2,YOLOv11s,False,354.0,0,False,True,0.6715023517608643
2,YOLOv11s,False,355.0,0,False,True,0.6688522100448608
2,YOLOv11s,False,356.0,0,False,True,0.6593016982078552
2,YOLOv11s,False,357.0,0,False,True,0.6538193225860596
2,YOLOv11s,False,358.0,0,False,True,0.6562171578407288
2,YOLOv11s,False,359.0,0,False,True,0.6606675386428833
2,YOLOv11s,False,360.0,0,False,True,0.6704279184341431
2,YOLOv11s,False,361.0,0,False,True,0.6591451168060303
2,YOLOv11s,False,362.0,0,False,True,0.6575043201446533
2,YOLOv11s,False,363.0,0,False,True,0.6532731652259827
2,YOLOv11s,False,364.0,0,False,True,0.6537238359451294
2,YOLOv11s,False,365.0,0,False,True,0.6716035008430481
2,YOLOv11s,False,366.0,0,False,True,0.6769987344741821
2,YOLOv11s,False,367.0,0,False,True,0.681613564491272
2,YOLOv11s,False,368.0,0,False,True,0.6709252595901489
2,YOLOv11s,False,369.0,0,False,True,0.6743883490562439
2,YOLOv11s,False,370.0,0,False,True,0.6741619110107422
2,YOLOv11s,False,371.0,0,False,True,0.6784276962280273
2,YOLOv11s,False,372.0,0,False,True,0.6744155883789062
2,YOLOv11s,False,373.0,0,False,True,0.668268084526062
2,YOLOv11s,False,374.0,0,False,True,0.6702203750610352
2,YOLOv11s,False,375.0,0,False,True,0.6780153512954712
2,YOLOv11s,False,376.0,0,False,True,0.6805254220962524
2,YOLOv11s,False,377.0,0,False,True,0.6998962163925171
2,YOLOv11s,False,378.0,0,False,True,0.6942452192306519
2,YOLOv11s,False,379.0,0,False,True,0.6915187239646912
2,YOLOv11s,False,380.0,0,False,True,0.6942470073699951
2,YOLOv11s,False,381.0,0,False,True,0.6914546489715576
2,YOLOv11s,False,382.0,0,False,True,0.6871976256370544
2,YOLOv11s,False,383.0,0,False,True,0.6961836814880371
2,YOLOv11s,False,384.0,0,False,True,0.6904414892196655
2,YOLOv11s,False,385.0,0,False,True,0.6919386386871338
2,YOLOv11s,False,386.0,0,False,True,0.6860096454620361
2,YOLOv11s,False,387.0,0,False,True,0.6886817216873169
2,YOLOv11s,False,388.0,0,False,True,0.6763452291488647
2,YOLOv11s,False,389.0,0,False,True,0.6851065158843994
2,YOLOv11s,False,390.0,0,False,True,0.6797571182250977
2,YOLOv11s,False,391.0,0,False,True,0.6801290512084961
2,YOLOv11s,False,392.0,0,False,True,0.67705899477005
2,YOLOv11s,False,393.0,0,False,True,0.6748907566070557
2,YOLOv11s,False,394.0,0,False,True,0.6833118200302124
2,YOLOv11s,False,395.0,0,False,True,0.6764692068099976
2,YOLOv11s,False,396.0,0,False,True,0.6816259622573853
2,YOLOv11s,False,397.0,0,False,True,0.67357337474823
2,YOLOv11s,False,398.0,0,False,True,0.6837210655212402
2,YOLOv11s,False,399.0,0,False,True,0.6793062686920166
2,YOLOv11s,False,400.0,0,False,True,0.6779918670654297
2,YOLOv11s,False,401.0,0,False,True,0.6803261041641235
2,YOLOv11s,False,402.0,0,False,True,0.6797853708267212
2,YOLOv11s,False,403.0,0,False,True,0.6795594692230225
2,YOLOv11s,False,404.0,0,False,True,0.6817917823791504
2,YOLOv11s,False,405.0,0,False,True,0.6717816591262817
2,YOLOv11s,False,406.0,0,False,True,0.6906387805938721
2,YOLOv11s,False,407.0,0,False,True,0.6848939657211304
2,YOLOv11s,False,408.0,0,False,True,0.6784151792526245
2,YOLOv11s,False,409.0,0,False,True,0.6842679381370544
2,YOLOv11s,False,410.0,0,False,True,0.6744073629379272
2,YOLOv11s,False,411.0,0,False,True,0.6680117845535278
2,YOLOv11s,False,412.0,0,False,True,0.6704685688018799
2,YOLOv11s,False,413.0,0,False,True,0.6722939014434814
2,YOLOv11s,False,414.0,0,False,True,0.6812254190444946
2,YOLOv11s,False,415.0,0,False,True,0.6746073961257935
2,YOLOv11s,False,416.0,0,False,True,0.6746100783348083
2,YOLOv11s,False,417.0,0,False,True,0.6671847105026245
2,YOLOv11s,False,418.0,0,False,True,0.6692502498626709
2,YOLOv11s,False,419.0,0,False,True,0.6691267490386963
2,YOLOv11s,False,420.0,0,False,True,0.6736428141593933
2,YOLOv11s,False,421.0,0,False,True,0.67437744140625
2,YOLOv11s,False,422.0,0,False,True,0.6747863292694092
2,YOLOv11s,False,423.0,0,False,True,0.6765401363372803
2,YOLOv11s,False,424.0,0,False,True,0.666201651096344
2,YOLOv11s,False,425.0,0,False,True,0.6672686338424683
2,YOLOv11s,False,426.0,0,False,True,0.6733642816543579
2,YOLOv11s,False,427.0,0,False,True,0.6758022308349609
2,YOLOv11s,False,428.0,0,False,True,0.6794276237487793
2,YOLOv11s,False,429.0,0,False,True,0.6752687692642212
2,YOLOv11s,False,430.0,0,False,True,0.675604522228241
2,YOLOv11s,False,431.0,0,False,True,0.6816696524620056
2,YOLOv11s,False,432.0,0,False,True,0.6701455116271973
2,YOLOv11s,False,433.0,0,False,True,0.6685312390327454
2,YOLOv11s,False,434.0,0,False,True,0.6688230037689209
2,YOLOv11s,False,435.0,0,False,True,0.6860758066177368
2,YOLOv11s,False,436.0,0,False,True,0.687103271484375
2,YOLOv11s,False,437.0,0,False,True,0.6854438781738281
2,YOLOv11s,False,438.0,0,False,True,0.6844080090522766
2,YOLOv11s,False,439.0,0,False,True,0.6841071844100952
2,YOLOv11s,False,440.0,0,False,True,0.6772787570953369
2,YOLOv11s,False,441.0,0,False,True,0.6827386021614075
2,YOLOv11s,False,442.0,0,False,True,0.6862636804580688
2,YOLOv11s,False,443.0,0,False,True,0.6889844536781311
2,YOLOv11s,False,444.0,0,False,True,0.6866762638092041
2,YOLOv11s,False,445.0,0,False,True,0.6861131191253662
2,YOLOv11s,False,446.0,0,False,True,0.6858317255973816
2,YOLOv11s,False,447.0,0,False,True,0.688775360584259
2,YOLOv11s,False,448.0,0,False,True,0.6874849796295166
2,YOLOv11s,False,449.0,0,False,True,0.6885230541229248
2,YOLOv11s,False,450.0,0,False,True,0.6844737529754639
2,YOLOv11s,False,451.0,0,False,True,0.6819707155227661
2,YOLOv11s,False,452.0,0,False,True,0.6833986043930054
2,YOLOv11s,False,453.0,0,False,True,0.683173656463623
2,YOLOv11s,False,454.0,0,False,True,0.6840597987174988
2,YOLOv11s,False,455.0,0,False,True,0.6809849143028259
2,YOLOv11s,False,456.0,0,False,True,0.6829792261123657
2,YOLOv11s,False,457.0,0,False,True,0.6890678405761719
2,YOLOv11s,False,458.0,0,False,True,0.6832610368728638
2,YOLOv11s,False,459.0,0,False,True,0.6776883602142334
2,YOLOv11s,False,460.0,0,False,True,0.6701303720474243
2,YOLOv11s,False,461.0,0,False,True,0.6748780012130737
2,YOLOv11s,False,462.0,0,False,True,0.6698882579803467
2,YOLOv11s,False,463.0,0,False,True,0.6662067174911499
2,YOLOv11s,False,464.0,0,False,True,0.694288969039917
2,YOLOv11s,False,465.0,0,False,True,0.6946256160736084
2,YOLOv11s,False,466.0,0,False,True,0.6958150863647461
2,YOLOv11s,False,467.0,0,False,True,0.7000540494918823
2,YOLOv11s,False,468.0,0,False,True,0.6971230506896973
2,YOLOv11s,False,469.0,0,False,True,0.6963244676589966
2,YOLOv11s,False,470.0,0,False,True,0.6948070526123047
2,YOLOv11s,False,471.0,0,False,True,0.6900020837783813
2,YOLOv11s,False,472.0,0,False,True,0.6926866769790649
2,YOLOv11s,False,473.0,0,False,True,0.6900933980941772
2,YOLOv11s,False,474.0,0,False,True,0.6825185418128967
2,YOLOv11s,False,475.0,0,False,True,0.6808931231498718
2,YOLOv11s,False,476.0,0,False,True,0.6734479665756226
2,YOLOv11s,False,477.0,0,False,True,0.6794886589050293
2,YOLOv11s,False,478.0,0,False,True,0.6746747493743896
2,YOLOv11s,False,479.0,0,False,True,0.6766357421875
2,YOLOv11s,False,480.0,0,False,True,0.683856725692749
2,YOLOv11s,False,481.0,0,False,True,0.6764506101608276
2,YOLOv11s,False,482.0,0,False,True,0.6778544187545776
2,YOLOv11s,False,483.0,0,False,True,0.6780969500541687
2,YOLOv11s,False,484.0,0,False,True,0.6778504848480225
2,YOLOv11s,False,485.0,0,False,True,0.6797272562980652
2,YOLOv11s,False,486.0,0,False,True,0.6799599528312683
2,YOLOv11s,False,487.0,0,False,True,0.6837385892868042
2,YOLOv11s,False,488.0,0,False,True,0.6844549775123596
2,YOLOv11s,False,489.0,0,False,True,0.6773887872695923
2,YOLOv11s,False,490.0,0,False,True,0.6824474930763245
2,YOLOv11s,False,491.0,0,False,True,0.6852536201477051
2,YOLOv11s,False,492.0,0,False,True,0.6818267107009888
2,YOLOv11s,False,493.0,0,False,True,0.6875841021537781
2,YOLOv11s,False,494.0,0,False,True,0.6808394193649292
2,YOLOv11s,False,495.0,0,False,True,0.6871693134307861
2,YOLOv11s,False,496.0,0,False,True,0.684455156326294
2,YOLOv11s,False,497.0,0,False,True,0.682543158531189
2,YOLOv11s,False,498.0,0,False,True,0.682374119758606
2,YOLOv11s,False,499.0,0,False,True,0.6768698692321777
2,YOLOv11s,False,500.0,0,False,True,0.6796809434890747
2,YOLOv11s,False,501.0,0,False,True,0.6823121309280396
2,YOLOv11s,False,502.0,0,False,True,0.6768024563789368
2,YOLOv11s,False,503.0,0,False,True,0.6757409572601318
2,YOLOv11s,False,504.0,0,False,True,0.6839926242828369
2,YOLOv11s,False,505.0,0,False,True,0.6888757348060608
2,YOLOv11s,False,506.0,0,False,True,0.6822904348373413
2,YOLOv11s,False,507.0,0,False,True,0.6807683706283569
2,YOLOv11s,False,508.0,0,False,True,0.6808427572250366
2,YOLOv11s,False,509.0,0,False,True,0.6874911189079285
2,YOLOv11s,False,510.0,0,False,True,0.6776379942893982
2,YOLOv11s,False,511.0,0,False,True,0.673126220703125
2,YOLOv11s,False,512.0,0,False,True,0.6788080930709839
2,YOLOv11s,False,513.0,0,False,True,0.691429615020752
2,YOLOv11s,False,514.0,0,False,True,0.6926017999649048
2,YOLOv11s,False,515.0,0,False,True,0.6948155760765076
2,YOLOv11s,False,516.0,0,False,True,0.6930884718894958
2,YOLOv11s,False,517.0,0,False,True,0.6911519765853882
2,YOLOv11s,False,518.0,0,False,True,0.6949490308761597
2,YOLOv11s,False,519.0,0,False,True,0.6881015300750732
2,YOLOv11s,False,520.0,0,False,True,0.68548583984375
2,YOLOv11s,False,521.0,0,False,True,0.6857748031616211
2,YOLOv11s,False,522.0,0,False,True,0.6971279382705688
2,YOLOv11s,False,523.0,0,False,True,0.692639172077179
2,YOLOv11s,False,524.0,0,False,True,0.6889013051986694
2,YOLOv11s,False,525.0,0,False,True,0.6775707006454468
2,YOLOv11s,False,526.0,0,False,True,0.6636329889297485
2,YOLOv11s,False,527.0,0,False,True,0.6787145137786865
2,YOLOv11s,False,528.0,0,False,True,0.6688133478164673
2,YOLOv11s,False,529.0,0,False,True,0.6799501776695251
2,YOLOv11s,False,530.0,0,False,True,0.6850892305374146
2,YOLOv11s,False,531.0,0,False,True,0.683112382888794
2,YOLOv11s,False,532.0,0,False,True,0.6874525547027588
2,YOLOv11s,False,533.0,0,False,True,0.6733274459838867
2,YOLOv11s,False,534.0,0,False,True,0.6795549392700195
2,YOLOv11s,False,535.0,0,False,True,0.6774817109107971
2,YOLOv11s,False,536.0,0,False,True,0.6810184717178345
2,YOLOv11s,False,537.0,0,False,True,0.6827799081802368
2,YOLOv11s,False,538.0,0,False,True,0.6839948892593384
2,YOLOv11s,False,539.0,0,False,True,0.6835659742355347
2,YOLOv11s,False,540.0,0,False,True,0.6705707907676697
2,YOLOv11s,False,541.0,0,False,True,0.6631866097450256
2,YOLOv11s,False,542.0,0,False,True,0.6626864671707153
2,YOLOv11s,False,543.0,0,False,True,0.6691839694976807
2,YOLOv11s,False,544.0,0,False,True,0.6717053055763245
2,YOLOv11s,False,545.0,0,False,True,0.6690016984939575
2,YOLOv11s,False,546.0,0,False,True,0.6663082838058472
2,YOLOv11s,False,547.0,0,False,True,0.673191249370575
2,YOLOv11s,False,548.0,0,False,True,0.6679999828338623
2,YOLOv11s,False,549.0,0,False,True,0.6671328544616699
2,YOLOv11s,False,550.0,0,False,True,0.6721236705780029
2,YOLOv11s,False,551.0,0,False,True,0.6766507625579834
2,YOLOv11s,False,552.0,0,False,True,0.6760336756706238
2,YOLOv11s,False,553.0,0,False,True,0.6789469718933105
2,YOLOv11s,False,554.0,0,False,True,0.684982419013977
2,YOLOv11s,False,555.0,0,False,True,0.6832727789878845
2,YOLOv11s,False,556.0,0,False,True,0.6842465400695801
2,YOLOv11s,False,557.0,0,False,True,0.6825854778289795
2,YOLOv11s,False,558.0,0,False,True,0.6824660897254944
2,YOLOv11s,False,559.0,0,False,True,0.6830987930297852
2,YOLOv11s,False,560.0,0,False,True,0.6842522621154785
2,YOLOv11s,False,561.0,0,False,True,0.6827077865600586
2,YOLOv11s,False,562.0,0,False,True,0.6718983054161072
2,YOLOv11s,False,563.0,0,False,True,0.675457775592804
2,YOLOv11s,False,564.0,0,False,True,0.6808077096939087
2,YOLOv11s,False,565.0,0,False,True,0.6822426319122314
2,YOLOv11s,False,566.0,0,False,True,0.6721997261047363
2,YOLOv11s,False,567.0,0,False,True,0.6818749308586121
2,YOLOv11s,False,568.0,0,False,True,0.678171694278717
2,YOLOv11s,False,569.0,0,False,True,0.6819082498550415
2,YOLOv11s,False,570.0,0,False,True,0.6778647899627686
2,YOLOv11s,False,571.0,0,False,True,0.6784449219703674
2,YOLOv11s,False,572.0,0,False,True,0.6783496141433716
2,YOLOv11s,False,573.0,0,False,True,0.6783978939056396
2,YOLOv11s,False,574.0,0,False,True,0.6788402795791626
2,YOLOv11s,False,575.0,0,False,True,0.6733181476593018
2,YOLOv11s,False,576.0,0,False,True,0.6786918640136719
2,YOLOv11s,False,577.0,0,False,True,0.6763608455657959
2,YOLOv11s,False,578.0,0,False,True,0.6770464777946472
2,YOLOv11s,False,579.0,0,False,True,0.6785901188850403
2,YOLOv11s,False,580.0,0,False,True,0.6888389587402344
2,YOLOv11s,False,581.0,0,False,True,0.6890478134155273
2,YOLOv11s,False,582.0,0,False,True,0.6942591667175293
2,YOLOv11s,False,583.0,0,False,True,0.694941520690918
2,YOLOv11s,False,584.0,0,False,True,0.6913820505142212
2,YOLOv11s,False,585.0,0,False,True,0.682767927646637
2,YOLOv11s,False,586.0,0,False,True,0.6831280589103699
2,YOLOv11s,False,587.0,0,False,True,0.6831817626953125
2,YOLOv11s,False,588.0,0,False,True,0.6763176918029785
2,YOLOv11s,False,589.0,0,False,True,0.6876959800720215
2,YOLOv11s,False,590.0,0,False,True,0.6911070346832275
2,YOLOv11s,False,591.0,0,False,True,0.6892829537391663
2,YOLOv11s,False,592.0,0,False,True,0.6926647424697876
2,YOLOv11s,False,593.0,0,False,True,0.693828821182251
2,YOLOv11s,False,594.0,0,False,True,0.6854960918426514
2,YOLOv11s,False,595.0,0,False,True,0.6905191540718079
2,YOLOv11s,False,596.0,0,False,True,0.6823534369468689
2,YOLOv11s,False,597.0,0,False,True,0.694071888923645
2,YOLOv11s,False,598.0,0,False,True,0.6894632577896118
2,YOLOv11s,False,599.0,0,False,True,0.6861608028411865
2,YOLOv11s,False,600.0,0,False,True,0.6821808218955994
2,YOLOv11s,False,601.0,0,False,True,0.6855688691139221
2,YOLOv11s,False,602.0,0,False,True,0.6836373805999756
2,YOLOv11s,False,603.0,0,False,True,0.6888971924781799
2,YOLOv11s,False,604.0,0,False,True,0.6913423538208008
2,YOLOv11s,False,605.0,0,False,True,0.6914877891540527
2,YOLOv11s,False,606.0,0,False,True,0.6965228915214539
2,YOLOv11s,False,607.0,0,False,True,0.6962594985961914
2,YOLOv11s,False,608.0,0,False,True,0.6930917501449585
2,YOLOv11s,False,609.0,0,False,True,0.6902574300765991
2,YOLOv11s,False,610.0,0,False,True,0.6871789693832397
2,YOLOv11s,False,611.0,0,False,True,0.690788745880127
2,YOLOv11s,False,612.0,0,False,True,0.6987168788909912
2,YOLOv11s,False,613.0,0,False,True,0.692307710647583
2,YOLOv11s,False,614.0,0,False,True,0.6910620331764221
2,YOLOv11s,False,615.0,0,False,True,0.6918563842773438
2,YOLOv11s,False,616.0,0,False,True,0.6922177076339722
2,YOLOv11s,False,617.0,0,False,True,0.6945738792419434
2,YOLOv11s,False,618.0,0,False,True,0.6786903738975525
2,YOLOv11s,False,619.0,0,False,True,0.6861497163772583
2,YOLOv11s,False,620.0,0,False,True,0.6737374067306519
3,YOLOv11s,False,99.0,0,True,True,0.6454447507858276
3,YOLOv11s,False,100.0,0,True,True,0.6754451394081116
3,YOLOv11s,False,101.0,0,True,True,0.5933796167373657
3,YOLOv11s,False,102.0,0,True,True,0.5719099044799805
3,YOLOv11s,False,103.0,0,True,True,0.5685130953788757
3,YOLOv11s,False,110.0,0,False,True,0.6286588311195374
3,YOLOv11s,False,111.0,0,False,True,0.6672686338424683
3,YOLOv11s,False,112.0,0,False,True,0.5947790145874023
3,YOLOv11s,False,113.0,0,False,True,0.6087848544120789
3,YOLOv11s,False,114.0,0,False,True,0.552771806716919
3,YOLOv11s,False,121.0,0,False,True,0.5668144226074219
3,YOLOv11s,False,122.0,0,False,True,0.522950291633606
3,YOLOv11s,False,284.0,0,True,True,0.7458934783935547
3,YOLOv11s,False,285.0,0,True,True,0.7072454690933228
3,YOLOv11s,False,286.0,0,True,True,0.7457597851753235
3,YOLOv11s,False,287.0,0,True,True,0.670886754989624
3,YOLOv11s,False,287.0,1,False,True,0.5329543352127075
3,YOLOv11s,False,288.0,0,True,True,0.5216552019119263
3,YOLOv11s,False,289.0,0,True,True,0.505744457244873
3,YOLOv11s,False,293.0,0,True,True,0.6354761123657227
3,YOLOv11s,False,294.0,0,True,True,0.5392293334007263
3,YOLOv11s,False,295.0,0,True,True,0.5957858562469482
3,YOLOv11s,False,296.0,0,True,True,0.5463048219680786
3,YOLOv11s,False,297.0,0,True,True,0.7105841636657715
3,YOLOv11s,False,300.0,0,True,True,0.6648251414299011
3,YOLOv11s,False,301.0,0,True,True,0.6698330044746399
3,YOLOv11s,False,302.0,0,True,True,0.7284622192382812
3,YOLOv11s,False,303.0,0,True,True,0.7119725942611694
3,YOLOv11s,False,304.0,0,True,True,0.7182201147079468
3,YOLOv11s,False,305.0,0,True,True,0.7239619493484497
3,YOLOv11s,False,306.0,0,True,True,0.7175023555755615
3,YOLOv11s,False,307.0,0,True,True,0.7199850082397461
3,YOLOv11s,False,308.0,0,True,True,0.7164967060089111
3,YOLOv11s,False,309.0,0,True,True,0.7182384729385376
3,YOLOv11s,False,310.0,0,True,True,0.7047677040100098
3,YOLOv11s,False,311.0,0,True,True,0.696122407913208
3,YOLOv11s,False,312.0,0,True,True,0.6903252601623535
3,YOLOv11s,False,313.0,0,True,True,0.693681538105011
3,YOLOv11s,False,314.0,0,True,True,0.6893836259841919
3,YOLOv11s,False,315.0,0,True,True,0.6935157775878906
3,YOLOv11s,False,316.0,0,True,True,0.693778395652771
3,YOLOv11s,False,317.0,0,True,True,0.6960874795913696
3,YOLOv11s,False,318.0,0,True,True,0.6976610422134399
3,YOLOv11s,False,319.0,0,True,True,0.6820664405822754
3,YOLOv11s,False,320.0,0,True,True,0.6882213354110718
3,YOLOv11s,False,321.0,0,True,True,0.6834591031074524
3,YOLOv11s,False,322.0,0,True,True,0.6836221218109131
3,YOLOv11s,False,323.0,0,True,True,0.6815637350082397
3,YOLOv11s,False,324.0,0,True,True,0.6794192790985107
3,YOLOv11s,False,325.0,0,True,True,0.68059241771698
3,YOLOv11s,False,326.0,0,True,True,0.6851910948753357
3,YOLOv11s,False,327.0,0,True,True,0.688469409942627
3,YOLOv11s,False,328.0,0,True,True,0.6837478876113892
3,YOLOv11s,False,329.0,0,True,True,0.6850637197494507
3,YOLOv11s,False,330.0,0,True,True,0.6880886554718018
3,YOLOv11s,False,331.0,0,True,True,0.6883020997047424
3,YOLOv11s,False,332.0,0,True,True,0.6919665336608887
3,YOLOv11s,False,333.0,0,True,True,0.6929267644882202
3,YOLOv11s,False,334.0,0,True,True,0.6903772950172424
3,YOLOv11s,False,335.0,0,True,True,0.6920610666275024
3,YOLOv11s,False,336.0,0,True,True,0.689315676689148
3,YOLOv11s,False,337.0,0,True,True,0.6837841868400574
3,YOLOv11s,False,338.0,0,True,True,0.685377836227417
3,YOLOv11s,False,339.0,0,True,True,0.6827848553657532
3,YOLOv11s,False,340.0,0,True,True,0.6803563833236694
3,YOLOv11s,False,341.0,0,True,True,0.6859087944030762
3,YOLOv11s,False,342.0,0,True,True,0.6844597458839417
3,YOLOv11s,False,343.0,0,True,True,0.6879328489303589
3,YOLOv11s,False,344.0,0,True,True,0.6884630918502808
3,YOLOv11s,False,345.0,0,True,True,0.6878342032432556
3,YOLOv11s,False,346.0,0,True,True,0.6868157982826233
3,YOLOv11s,False,347.0,0,True,True,0.6881091594696045
3,YOLOv11s,False,348.0,0,True,True,0.6804945468902588
3,YOLOv11s,False,349.0,0,True,True,0.6856852173805237
3,YOLOv11s,False,350.0,0,True,True,0.689460039138794
3,YOLOv11s,False,351.0,0,True,True,0.6863479018211365
3,YOLOv11s,False,352.0,0,True,True,0.684362530708313
3,YOLOv11s,False,353.0,0,True,True,0.6795592904090881
3,YOLOv11s,False,354.0,0,True,True,0.6817201375961304
3,YOLOv11s,False,355.0,0,True,True,0.6826803684234619
3,YOLOv11s,False,356.0,0,True,True,0.6822806596755981
3,YOLOv11s,False,357.0,0,True,True,0.6875280141830444
3,YOLOv11s,False,358.0,0,True,True,0.6881490349769592
3,YOLOv11s,False,359.0,0,True,True,0.6884739398956299
3,YOLOv11s,False,360.0,0,True,True,0.6904215216636658
3,YOLOv11s,False,361.0,0,True,True,0.6923954486846924
3,YOLOv11s,False,362.0,0,True,True,0.6909219026565552
3,YOLOv11s,False,363.0,0,True,True,0.6901228427886963
3,YOLOv11s,False,364.0,0,True,True,0.6910013556480408
3,YOLOv11s,False,365.0,0,True,True,0.6911214590072632
3,YOLOv11s,False,366.0,0,True,True,0.6919608116149902
3,YOLOv11s,False,367.0,0,True,True,0.6902084946632385
3,YOLOv11s,False,368.0,0,True,True,0.6921467781066895
3,YOLOv11s,False,369.0,0,True,True,0.6947209239006042
3,YOLOv11s,False,370.0,0,True,True,0.6964190602302551
3,YOLOv11s,False,371.0,0,True,True,0.6975841522216797
3,YOLOv11s,False,372.0,0,True,True,0.6955618858337402
3,YOLOv11s,False,373.0,0,True,True,0.693325400352478
3,YOLOv11s,False,374.0,0,True,True,0.7021618485450745
3,YOLOv11s,False,375.0,0,True,True,0.704284131526947
3,YOLOv11s,False,376.0,0,True,True,0.7081221342086792
3,YOLOv11s,False,377.0,0,True,True,0.7064253091812134
3,YOLOv11s,False,378.0,0,True,True,0.7100893259048462
3,YOLOv11s,False,379.0,0,True,True,0.7068123817443848
3,YOLOv11s,False,380.0,0,True,True,0.7043522596359253
3,YOLOv11s,False,381.0,0,True,True,0.7047336101531982
3,YOLOv11s,False,382.0,0,True,True,0.7102043628692627
3,YOLOv11s,False,383.0,0,True,True,0.7081966400146484
3,YOLOv11s,False,384.0,0,True,True,0.7049807906150818
3,YOLOv11s,False,385.0,0,True,True,0.7037914991378784
3,YOLOv11s,False,386.0,0,True,True,0.7045910358428955
3,YOLOv11s,False,387.0,0,True,True,0.7071917057037354
3,YOLOv11s,False,388.0,0,True,True,0.7054417133331299
3,YOLOv11s,False,389.0,0,True,True,0.7066354751586914
3,YOLOv11s,False,390.0,0,True,True,0.7107359170913696
3,YOLOv11s,False,391.0,0,True,True,0.7094455361366272
3,YOLOv11s,False,392.0,0,True,True,0.70915687084198
3,YOLOv11s,False,393.0,0,True,True,0.7127299308776855
3,YOLOv11s,False,394.0,0,True,True,0.7101949453353882
3,YOLOv11s,False,395.0,0,True,True,0.7063483595848083
004,YOLOv11s,False,170,0,False,True,0.6300441026687622
004,YOLOv11s,False,171,0,False,True,0.5055614709854126
004,YOLOv11s,False,205,0,False,True,0.5842095613479614
004,YOLOv11s,False,224,0,False,True,0.5519773960113525
004,YOLOv11s,False,252,0,False,True,0.5372291803359985
004,YOLOv11s,False,253,0,False,True,0.5871423482894897
004,YOLOv11s,False,254,0,False,True,0.5084638595581055
004,YOLOv11s,False,265,0,False,True,0.6814941763877869
004,YOLOv11s,False,266,0,False,True,0.5916185975074768
004,YOLOv11s,False,267,0,False,True,0.6677689552307129
004,YOLOv11s,False,270,0,False,True,0.5670679211616516
004,YOLOv11s,False,286,0,False,True,0.5680103302001953
004,YOLOv11s,False,287,0,False,True,0.660079300403595
004,YOLOv11s,False,288,0,False,True,0.6863819360733032
004,YOLOv11s,False,289,0,False,True,0.6326459646224976
004,YOLOv11s,False,289,1,False,True,0.5518834590911865
004,YOLOv11s,False,290,0,False,True,0.657140851020813
004,YOLOv11s,False,290,1,False,True,0.570921778678894
004,YOLOv11s,False,300,0,False,True,0.6912128925323486
004,YOLOv11s,False,301,0,False,True,0.7173581123352051
004,YOLOv11s,False,302,0,False,True,0.5951552391052246
004,YOLOv11s,False,303,0,False,True,0.6187820434570312
004,YOLOv11s,False,304,0,False,True,0.6740894317626953
004,YOLOv11s,False,305,0,False,True,0.6817052364349365
004,YOLOv11s,False,308,0,False,True,0.5417598485946655
004,YOLOv11s,False,317,0,False,True,0.5764522552490234
005,YOLOv11s,False,61,0,False,True,0.5499356985092163
005,YOLOv11s,False,62,0,False,True,0.5373303294181824
005,YOLOv11s,False,65,0,False,True,0.5279992818832397
005,YOLOv11s,False,67,0,False,True,0.5472253561019897
005,YOLOv11s,False,112,0,True,True,0.6183630228042603
005,YOLOv11s,False,113,0,True,True,0.6525812149047852
005,YOLOv11s,False,114,0,True,True,0.6544637680053711
005,YOLOv11s,False,115,0,True,True,0.670364499092102
005,YOLOv11s,False,116,0,True,True,0.6650792360305786
005,YOLOv11s,False,117,0,True,True,0.689598798751831
005,YOLOv11s,False,118,0,True,True,0.6912068128585815
005,YOLOv11s,False,119,0,True,True,0.6479505300521851
005,YOLOv11s,False,120,0,True,True,0.6424364447593689
005,YOLOv11s,False,121,0,True,True,0.6468135118484497
005,YOLOv11s,False,122,0,True,True,0.6447969675064087
005,YOLOv11s,False,123,0,True,True,0.7131435871124268
005,YOLOv11s,False,124,0,True,True,0.7275733947753906
005,YOLOv11s,False,125,0,True,True,0.7055126428604126
005,YOLOv11s,False,126,0,True,True,0.7100223302841187
005,YOLOv11s,False,127,0,True,True,0.6859281063079834
005,YOLOv11s,False,128,0,True,True,0.7086717486381531
005,YOLOv11s,False,129,0,True,True,0.660870373249054
005,YOLOv11s,False,130,0,True,True,0.6705300807952881
005,YOLOv11s,False,131,0,True,True,0.654154896736145
005,YOLOv11s,False,132,0,True,True,0.7002016305923462
005,YOLOv11s,False,133,0,True,True,0.7126862406730652
005,YOLOv11s,False,134,0,True,True,0.6816967725753784
005,YOLOv11s,False,134,1,True,True,0.508314311504364
005,YOLOv11s,False,135,0,True,True,0.7165488004684448
005,YOLOv11s,False,136,0,True,True,0.6991068124771118
005,YOLOv11s,False,137,0,True,True,0.702630877494812
005,YOLOv11s,False,138,0,True,True,0.721401572227478
005,YOLOv11s,False,139,0,True,True,0.716408371925354
005,YOLOv11s,False,140,0,True,True,0.7064481973648071
005,YOLOv11s,False,141,0,True,True,0.690176248550415
005,YOLOv11s,False,142,0,True,True,0.7015268206596375
005,YOLOv11s,False,143,0,True,True,0.6784877777099609
005,YOLOv11s,False,144,0,True,True,0.6760843992233276
005,YOLOv11s,False,145,0,True,True,0.6921246647834778
005,YOLOv11s,False,146,0,True,True,0.7226592898368835
005,YOLOv11s,False,147,0,True,True,0.7291954159736633
005,YOLOv11s,False,148,0,True,True,0.7217024564743042
005,YOLOv11s,False,149,0,True,True,0.7116695046424866
005,YOLOv11s,False,150,0,True,True,0.7102651596069336
005,YOLOv11s,False,151,0,True,True,0.7159712314605713
005,YOLOv11s,False,152,0,True,True,0.7360332012176514
005,YOLOv11s,False,153,0,True,True,0.6931264400482178
005,YOLOv11s,False,154,0,True,True,0.7309724688529968
005,YOLOv11s,False,155,0,True,True,0.7236061692237854
005,YOLOv11s,False,156,0,True,True,0.7214018106460571
005,YOLOv11s,False,157,0,True,True,0.7160347700119019
005,YOLOv11s,False,158,0,True,True,0.7278786897659302
005,YOLOv11s,False,159,0,True,True,0.7225346565246582
005,YOLOv11s,False,160,0,True,True,0.7134507298469543
005,YOLOv11s,False,161,0,True,True,0.7178250551223755
005,YOLOv11s,False,162,0,True,True,0.7071012258529663
005,YOLOv11s,False,163,0,True,True,0.7199567556381226
005,YOLOv11s,False,164,0,True,True,0.7164827585220337
005,YOLOv11s,False,165,0,True,True,0.7183831930160522
005,YOLOv11s,False,166,0,True,True,0.712822675704956
005,YOLOv11s,False,167,0,True,True,0.7141361236572266
005,YOLOv11s,False,168,0,True,True,0.7081548571586609
005,YOLOv11s,False,169,0,True,True,0.7001831531524658
005,YOLOv11s,False,170,0,True,True,0.7098251581192017
005,YOLOv11s,False,171,0,True,True,0.6818786859512329
005,YOLOv11s,False,172,0,True,True,0.67308109998703
005,YOLOv11s,False,173,0,True,True,0.6727322340011597
005,YOLOv11s,False,174,0,True,True,0.6647437810897827
005,YOLOv11s,False,175,0,True,True,0.6705632209777832
005,YOLOv11s,False,176,0,True,True,0.6710058450698853
005,YOLOv11s,False,177,0,True,True,0.6552239656448364
005,YOLOv11s,False,178,0,True,True,0.7253316640853882
005,YOLOv11s,False,179,0,True,True,0.6960632801055908
005,YOLOv11s,False,180,0,True,True,0.7147362232208252
005,YOLOv11s,False,181,0,True,True,0.690746545791626
005,YOLOv11s,False,182,0,True,True,0.6921969652175903
005,YOLOv11s,False,183,0,True,True,0.7098601460456848
005,YOLOv11s,False,184,0,True,True,0.7309070825576782
005,YOLOv11s,False,185,0,True,True,0.723930835723877
005,YOLOv11s,False,186,0,True,True,0.7222996354103088
005,YOLOv11s,False,187,0,True,True,0.7066075801849365
005,YOLOv11s,False,188,0,True,True,0.7013081312179565
005,YOLOv11s,False,189,0,True,True,0.7238553762435913
005,YOLOv11s,False,190,0,True,True,0.7060133218765259
005,YOLOv11s,False,191,0,True,True,0.7085849046707153
005,YOLOv11s,False,192,0,True,True,0.7020924091339111
005,YOLOv11s,False,193,0,True,True,0.6920222043991089
005,YOLOv11s,False,194,0,True,True,0.7062768936157227
005,YOLOv11s,False,195,0,True,True,0.7181865572929382
005,YOLOv11s,False,196,0,True,True,0.7130649089813232
005,YOLOv11s,False,197,0,True,True,0.6920250654220581
005,YOLOv11s,False,198,0,True,True,0.6808827519416809
005,YOLOv11s,False,199,0,True,True,0.6843050718307495
005,YOLOv11s,False,200,0,True,True,0.6865373253822327
005,YOLOv11s,False,201,0,True,True,0.6827805042266846
005,YOLOv11s,False,202,0,True,True,0.6938962936401367
005,YOLOv11s,False,203,0,True,True,0.7122631072998047
005,YOLOv11s,False,204,0,True,True,0.7042568922042847
005,YOLOv11s,False,205,0,True,True,0.6847377419471741
005,YOLOv11s,False,206,0,True,True,0.6934891939163208
005,YOLOv11s,False,207,0,True,True,0.7115778923034668
005,YOLOv11s,False,208,0,True,True,0.7116804718971252
005,YOLOv11s,False,209,0,True,True,0.7158868312835693
005,YOLOv11s,False,210,0,True,True,0.724655270576477
005,YOLOv11s,False,211,0,True,True,0.7212098836898804
005,YOLOv11s,False,212,0,True,True,0.7195019721984863
005,YOLOv11s,False,213,0,True,True,0.7230119705200195
005,YOLOv11s,False,214,0,True,True,0.7170612215995789
005,YOLOv11s,False,215,0,True,True,0.7022272348403931
005,YOLOv11s,False,216,0,True,True,0.7020680904388428
005,YOLOv11s,False,217,0,True,True,0.7040503025054932
005,YOLOv11s,False,218,0,True,True,0.6962599754333496
005,YOLOv11s,False,219,0,True,True,0.7017793655395508
005,YOLOv11s,False,220,0,True,True,0.7074512839317322
005,YOLOv11s,False,221,0,True,True,0.7151567935943604
005,YOLOv11s,False,222,0,True,True,0.7118749618530273
005,YOLOv11s,False,223,0,True,True,0.6867421269416809
005,YOLOv11s,False,224,0,True,True,0.7216176986694336
005,YOLOv11s,False,225,0,True,True,0.7105090618133545
005,YOLOv11s,False,226,0,True,True,0.7152688503265381
005,YOLOv11s,False,227,0,True,True,0.7282240986824036
005,YOLOv11s,False,228,0,True,True,0.7109912037849426
005,YOLOv11s,False,229,0,True,True,0.7094258666038513
005,YOLOv11s,False,230,0,True,True,0.7082492113113403
005,YOLOv11s,False,231,0,True,True,0.719641923904419
005,YOLOv11s,False,232,0,True,True,0.7235945463180542
005,YOLOv11s,False,233,0,True,True,0.7164809703826904
005,YOLOv11s,False,234,0,True,True,0.7324345111846924
005,YOLOv11s,False,235,0,True,True,0.7216863632202148
005,YOLOv11s,False,236,0,True,True,0.7131671905517578
005,YOLOv11s,False,237,0,True,True,0.7000568509101868
005,YOLOv11s,False,238,0,True,True,0.6995010375976562
005,YOLOv11s,False,239,0,True,True,0.7078060507774353
005,YOLOv11s,False,240,0,True,True,0.6931675672531128
005,YOLOv11s,False,241,0,True,True,0.702782928943634
005,YOLOv11s,False,242,0,True,True,0.714655876159668
005,YOLOv11s,False,243,0,True,True,0.7130507230758667
005,YOLOv11s,False,244,0,True,True,0.7075742483139038
005,YOLOv11s,False,245,0,True,True,0.716634213924408
005,YOLOv11s,False,246,0,True,True,0.7137397527694702
005,YOLOv11s,False,247,0,True,True,0.7120417952537537
005,YOLOv11s,False,248,0,True,True,0.7052090167999268
005,YOLOv11s,False,249,0,True,True,0.7121965885162354
005,YOLOv11s,False,250,0,True,True,0.71755051612854
005,YOLOv11s,False,251,0,True,True,0.7196917533874512
005,YOLOv11s,False,252,0,True,True,0.7188571691513062
005,YOLOv11s,False,253,0,True,True,0.723080575466156
005,YOLOv11s,False,254,0,True,True,0.7234067916870117
005,YOLOv11s,False,255,0,True,True,0.7245703935623169
005,YOLOv11s,False,256,0,True,True,0.7229675054550171
005,YOLOv11s,False,257,0,True,True,0.7203054428100586
005,YOLOv11s,False,258,0,True,True,0.7152407169342041
005,YOLOv11s,False,259,0,True,True,0.7145311832427979
006,YOLOv11s,False,56,0,False,True,0.5356776118278503
006,YOLOv11s,False,57,0,False,True,0.5132569074630737
006,YOLOv11s,False,58,0,False,True,0.5222679376602173
006,YOLOv11s,False,59,0,False,True,0.5313676595687866
006,YOLOv11s,False,64,0,False,True,0.5002580881118774
006,YOLOv11s,False,124,0,False,True,0.6373848915100098
006,YOLOv11s,False,137,0,False,True,0.5527440309524536
006,YOLOv11s,False,442,0,False,True,0.5586371421813965
007,YOLOv11s,False,367,0,True,True,0.5328842997550964
007,YOLOv11s,False,368,0,True,True,0.5527089834213257
007,YOLOv11s,False,376,0,True,True,0.5323888063430786
007,YOLOv11s,False,392,0,True,True,0.5714097619056702
007,YOLOv11s,False,393,0,True,True,0.648097813129425
007,YOLOv11s,False,394,0,True,True,0.6468685865402222
007,YOLOv11s,False,395,0,True,True,0.5799250602722168
007,YOLOv11s,False,404,0,True,True,0.5453457832336426
007,YOLOv11s,False,405,0,True,True,0.6476376056671143
007,YOLOv11s,False,406,0,True,True,0.588083803653717
007,YOLOv11s,False,407,0,True,True,0.5120531320571899
008,YOLOv11s,False,0,0,False,True,0.6703897714614868
008,YOLOv11s,False,1,0,False,True,0.6738057136535645
008,YOLOv11s,False,2,0,False,True,0.6757904887199402
008,YOLOv11s,False,3,0,False,True,0.6715421080589294
008,YOLOv11s,False,4,0,False,True,0.674092173576355
008,YOLOv11s,False,5,0,False,True,0.6731656789779663
008,YOLOv11s,False,6,0,False,True,0.6734444499015808
008,YOLOv11s,False,7,0,False,True,0.6800506114959717
008,YOLOv11s,False,8,0,False,True,0.6878294944763184
008,YOLOv11s,False,9,0,False,True,0.6894437074661255
008,YOLOv11s,False,10,0,False,True,0.6946725845336914
008,YOLOv11s,False,11,0,False,True,0.6888604164123535
008,YOLOv11s,False,12,0,False,True,0.6862281560897827
008,YOLOv11s,False,13,0,False,True,0.6924517154693604
008,YOLOv11s,False,14,0,False,True,0.6886743307113647
008,YOLOv11s,False,15,0,False,True,0.6898496747016907
008,YOLOv11s,False,16,0,False,True,0.6880964040756226
008,YOLOv11s,False,17,0,False,True,0.6846328973770142
008,YOLOv11s,False,18,0,False,True,0.6859899759292603
008,YOLOv11s,False,19,0,False,True,0.6901310086250305
008,YOLOv11s,False,20,0,False,True,0.6879222393035889
008,YOLOv11s,False,21,0,False,True,0.6840826869010925
008,YOLOv11s,False,22,0,False,True,0.6829408407211304
008,YOLOv11s,False,23,0,False,True,0.6798864603042603
008,YOLOv11s,False,24,0,False,True,0.6836891174316406
008,YOLOv11s,False,25,0,False,True,0.6794635057449341
008,YOLOv11s,False,26,0,False,True,0.6795679330825806
008,YOLOv11s,False,27,0,False,True,0.6703554391860962
008,YOLOv11s,False,28,0,False,True,0.6695526838302612
008,YOLOv11s,False,29,0,False,True,0.6808750629425049
008,YOLOv11s,False,30,0,False,True,0.6723594069480896
008,YOLOv11s,False,31,0,False,True,0.6765841841697693
008,YOLOv11s,False,32,0,False,True,0.6762633919715881
008,YOLOv11s,False,33,0,False,True,0.6768440008163452
008,YOLOv11s,False,34,0,False,True,0.6735891103744507
008,YOLOv11s,False,35,0,False,True,0.6726635694503784
008,YOLOv11s,False,36,0,False,True,0.6701969504356384
008,YOLOv11s,False,37,0,False,True,0.6754280924797058
008,YOLOv11s,False,38,0,False,True,0.6760885715484619
008,YOLOv11s,False,39,0,False,True,0.6803569793701172
008,YOLOv11s,False,40,0,False,True,0.6762489676475525
008,YOLOv11s,False,41,0,False,True,0.6755861043930054
008,YOLOv11s,False,42,0,False,True,0.6784992218017578
008,YOLOv11s,False,43,0,False,True,0.6782845258712769
008,YOLOv11s,False,44,0,False,True,0.6810072660446167
008,YOLOv11s,False,45,0,False,True,0.6836068034172058
008,YOLOv11s,False,46,0,False,True,0.6826565861701965
008,YOLOv11s,False,47,0,False,True,0.6783244609832764
008,YOLOv11s,False,48,0,False,True,0.6817482709884644
008,YOLOv11s,False,49,0,False,True,0.6772654056549072
008,YOLOv11s,False,50,0,False,True,0.6733791828155518
008,YOLOv11s,False,51,0,False,True,0.674019455909729
008,YOLOv11s,False,52,0,False,True,0.6765514612197876
008,YOLOv11s,False,53,0,False,True,0.664749264717102
008,YOLOv11s,False,54,0,False,True,0.6586077213287354
008,YOLOv11s,False,55,0,False,True,0.654721200466156
008,YOLOv11s,False,56,0,False,True,0.6476162672042847
008,YOLOv11s,False,57,0,False,True,0.6646357774734497
008,YOLOv11s,False,58,0,False,True,0.6542361974716187
008,YOLOv11s,False,59,0,False,True,0.6471619606018066
008,YOLOv11s,False,60,0,False,True,0.6484298706054688
008,YOLOv11s,False,61,0,False,True,0.6196814775466919
008,YOLOv11s,False,62,0,False,True,0.5799343585968018
008,YOLOv11s,False,63,0,False,True,0.5631116628646851
008,YOLOv11s,False,64,0,False,True,0.5170929431915283
008,YOLOv11s,False,69,0,False,True,0.5190894603729248
008,YOLOv11s,False,70,0,False,True,0.5556749105453491
008,YOLOv11s,False,71,0,False,True,0.5295541286468506
008,YOLOv11s,False,72,0,False,True,0.5689009428024292
008,YOLOv11s,False,73,0,False,True,0.5296595692634583
008,YOLOv11s,False,74,0,False,True,0.5529487133026123
008,YOLOv11s,False,75,0,False,True,0.5554580688476562
008,YOLOv11s,False,76,0,False,True,0.5818607807159424
008,YOLOv11s,False,77,0,False,True,0.5448448657989502
008,YOLOv11s,False,78,0,False,True,0.5365563631057739
008,YOLOv11s,False,78,1,False,True,0.531508207321167
008,YOLOv11s,False,83,0,False,True,0.5060857534408569
008,YOLOv11s,False,84,0,False,True,0.5146834850311279
008,YOLOv11s,False,85,0,False,True,0.516645073890686
008,YOLOv11s,False,86,0,False,True,0.514499306678772
008,YOLOv11s,False,87,0,False,True,0.5978044271469116
008,YOLOv11s,False,88,0,False,True,0.566616952419281
008,YOLOv11s,False,89,0,False,True,0.5624926686286926
008,YOLOv11s,False,90,0,False,True,0.5865006446838379
008,YOLOv11s,False,91,0,False,True,0.5949539542198181
008,YOLOv11s,False,92,0,False,True,0.6100140810012817
008,YOLOv11s,False,93,0,False,True,0.6390793323516846
008,YOLOv11s,False,94,0,False,True,0.7380504608154297
008,YOLOv11s,False,94,1,False,True,0.6205562353134155
008,YOLOv11s,False,95,0,False,True,0.7839088439941406
008,YOLOv11s,False,95,1,False,True,0.6445291042327881
008,YOLOv11s,False,96,0,False,True,0.664999783039093
008,YOLOv11s,False,97,0,False,True,0.645003080368042
008,YOLOv11s,False,98,0,False,True,0.6723755598068237
008,YOLOv11s,False,99,0,False,True,0.6678506135940552
008,YOLOv11s,False,100,0,False,True,0.6575590372085571
008,YOLOv11s,False,101,0,False,True,0.6603702306747437
008,YOLOv11s,False,102,0,False,True,0.6534742712974548
008,YOLOv11s,False,103,0,False,True,0.6372294425964355
008,YOLOv11s,False,104,0,False,True,0.6322773098945618
008,YOLOv11s,False,105,0,False,True,0.647944450378418
008,YOLOv11s,False,106,0,False,True,0.6597005128860474
008,YOLOv11s,False,107,0,False,True,0.6362056732177734
008,YOLOv11s,False,108,0,False,True,0.6464482545852661
008,YOLOv11s,False,109,0,False,True,0.6390575170516968
008,YOLOv11s,False,109,1,False,True,0.584680438041687
008,YOLOv11s,False,110,0,False,True,0.6365989446640015
008,YOLOv11s,False,111,0,False,True,0.6473772525787354
008,YOLOv11s,False,112,0,False,True,0.6281874179840088
008,YOLOv11s,False,113,0,False,True,0.6070811748504639
008,YOLOv11s,False,114,0,False,True,0.6049909591674805
008,YOLOv11s,False,115,0,False,True,0.5967230200767517
008,YOLOv11s,False,116,0,False,True,0.5466511249542236
008,YOLOv11s,False,117,0,False,True,0.5802551507949829
008,YOLOv11s,False,118,0,False,True,0.5709092020988464
008,YOLOv11s,False,119,0,False,True,0.5618492364883423
008,YOLOv11s,False,120,0,False,True,0.7086191177368164
008,YOLOv11s,False,120,1,False,True,0.562320351600647
008,YOLOv11s,False,121,0,False,True,0.7083735466003418
008,YOLOv11s,False,121,1,False,True,0.5482860803604126
008,YOLOv11s,False,122,0,False,True,0.7375278472900391
008,YOLOv11s,False,122,1,False,True,0.5545055866241455
008,YOLOv11s,False,123,0,False,True,0.5450688600540161
008,YOLOv11s,False,124,0,False,True,0.5469017028808594
008,YOLOv11s,False,125,0,False,True,0.6209138631820679
008,YOLOv11s,False,125,1,False,True,0.5462328195571899
008,YOLOv11s,False,126,0,False,True,0.5462799072265625
008,YOLOv11s,False,127,0,False,True,0.5327479839324951
008,YOLOv11s,False,128,0,False,True,0.5542386770248413
008,YOLOv11s,False,129,0,False,True,0.5459659099578857
008,YOLOv11s,False,130,0,False,True,0.5380962491035461
008,YOLOv11s,False,131,0,False,True,0.5417089462280273
008,YOLOv11s,False,132,0,False,True,0.5672948360443115
008,YOLOv11s,False,133,0,False,True,0.5876438617706299
008,YOLOv11s,False,134,0,False,True,0.567134439945221
008,YOLOv11s,False,135,0,False,True,0.5642870664596558
008,YOLOv11s,False,136,0,False,True,0.5828166007995605
008,YOLOv11s,False,137,0,False,True,0.5842005014419556
008,YOLOv11s,False,138,0,False,True,0.5714130401611328
008,YOLOv11s,False,139,0,False,True,0.5696361064910889
008,YOLOv11s,False,140,0,False,True,0.5774392485618591
008,YOLOv11s,False,141,0,False,True,0.5622440576553345
008,YOLOv11s,False,142,0,False,True,0.5690480470657349
008,YOLOv11s,False,143,0,False,True,0.5707591772079468
008,YOLOv11s,False,144,0,False,True,0.5657662153244019
008,YOLOv11s,False,145,0,False,True,0.5715216398239136
008,YOLOv11s,False,146,0,False,True,0.5755579471588135
008,YOLOv11s,False,147,0,False,True,0.5770692825317383
008,YOLOv11s,False,148,0,False,True,0.5826030373573303
008,YOLOv11s,False,149,0,False,True,0.5865566730499268
008,YOLOv11s,False,150,0,False,True,0.5930958986282349
008,YOLOv11s,False,151,0,False,True,0.6082777976989746
008,YOLOv11s,False,152,0,False,True,0.6134722232818604
008,YOLOv11s,False,153,0,False,True,0.601840615272522
008,YOLOv11s,False,154,0,False,True,0.6067665219306946
008,YOLOv11s,False,155,0,False,True,0.5982347130775452
008,YOLOv11s,False,156,0,False,True,0.571130633354187
008,YOLOv11s,False,157,0,False,True,0.576155424118042
008,YOLOv11s,False,158,0,False,True,0.590781033039093
008,YOLOv11s,False,159,0,False,True,0.5873972773551941
008,YOLOv11s,False,160,0,False,True,0.5887656211853027
008,YOLOv11s,False,161,0,False,True,0.6547162532806396
008,YOLOv11s,False,161,1,False,True,0.5834629535675049
008,YOLOv11s,False,162,0,False,True,0.6860244274139404
008,YOLOv11s,False,162,1,False,True,0.590025782585144
008,YOLOv11s,False,163,0,False,True,0.7118275165557861
008,YOLOv11s,False,163,1,False,True,0.5894147157669067
008,YOLOv11s,False,164,0,False,True,0.6989530324935913
008,YOLOv11s,False,164,1,False,True,0.5840480923652649
008,YOLOv11s,False,165,0,False,True,0.6791869401931763
008,YOLOv11s,False,165,1,False,True,0.5791236162185669
008,YOLOv11s,False,166,0,False,True,0.6405059099197388
008,YOLOv11s,False,166,1,False,True,0.5931708812713623
008,YOLOv11s,False,167,0,False,True,0.608564019203186
008,YOLOv11s,False,167,1,False,True,0.5951418876647949
008,YOLOv11s,False,168,0,False,True,0.6450414061546326
008,YOLOv11s,False,168,1,False,True,0.5843992829322815
008,YOLOv11s,False,169,0,False,True,0.5945773124694824
008,YOLOv11s,False,169,1,False,True,0.583146333694458
008,YOLOv11s,False,170,0,False,True,0.5792653560638428
008,YOLOv11s,False,170,1,False,True,0.5571585893630981
008,YOLOv11s,False,171,0,False,True,0.5970444679260254
008,YOLOv11s,False,171,1,False,True,0.5577540397644043
008,YOLOv11s,False,172,0,False,True,0.6052087545394897
008,YOLOv11s,False,173,0,False,True,0.5981884002685547
008,YOLOv11s,False,174,0,False,True,0.6049025058746338
008,YOLOv11s,False,175,0,False,True,0.6037515997886658
008,YOLOv11s,False,176,0,False,True,0.6033411026000977
008,YOLOv11s,False,177,0,False,True,0.6123965978622437
008,YOLOv11s,False,178,0,False,True,0.6083532571792603
008,YOLOv11s,False,179,0,False,True,0.6016824245452881
008,YOLOv11s,False,180,0,False,True,0.6015981435775757
008,YOLOv11s,False,181,0,False,True,0.5978931188583374
008,YOLOv11s,False,182,0,False,True,0.6056060791015625
008,YOLOv11s,False,183,0,False,True,0.6175522804260254
008,YOLOv11s,False,184,0,False,True,0.6218031644821167
008,YOLOv11s,False,185,0,False,True,0.6366258859634399
008,YOLOv11s,False,186,0,False,True,0.6312808990478516
008,YOLOv11s,False,187,0,False,True,0.6398593783378601
008,YOLOv11s,False,188,0,False,True,0.6424009203910828
008,YOLOv11s,False,189,0,False,True,0.6394896507263184
008,YOLOv11s,False,190,0,False,True,0.6396714448928833
008,YOLOv11s,False,191,0,False,True,0.6304107904434204
008,YOLOv11s,False,192,0,False,True,0.6233245134353638
008,YOLOv11s,False,193,0,False,True,0.611422061920166
008,YOLOv11s,False,194,0,False,True,0.6145905256271362
008,YOLOv11s,False,195,0,False,True,0.6134482622146606
008,YOLOv11s,False,196,0,False,True,0.6079270839691162
008,YOLOv11s,False,197,0,False,True,0.6026557683944702
008,YOLOv11s,False,198,0,False,True,0.5925151109695435
008,YOLOv11s,False,199,0,False,True,0.5935701131820679
008,YOLOv11s,False,200,0,False,True,0.6047160625457764
008,YOLOv11s,False,201,0,False,True,0.6106579899787903
008,YOLOv11s,False,202,0,False,True,0.6088093519210815
008,YOLOv11s,False,203,0,False,True,0.5820709466934204
008,YOLOv11s,False,204,0,False,True,0.5761574506759644
008,YOLOv11s,False,205,0,False,True,0.5794212818145752
008,YOLOv11s,False,206,0,False,True,0.5772949457168579
008,YOLOv11s,False,207,0,False,True,0.5897616147994995
008,YOLOv11s,False,208,0,False,True,0.5929902791976929
008,YOLOv11s,False,209,0,False,True,0.5869661569595337
008,YOLOv11s,False,210,0,False,True,0.5843101143836975
008,YOLOv11s,False,211,0,False,True,0.5912665128707886
008,YOLOv11s,False,212,0,False,True,0.5902525186538696
008,YOLOv11s,False,213,0,False,True,0.5947020053863525
008,YOLOv11s,False,214,0,False,True,0.6036441326141357
008,YOLOv11s,False,215,0,False,True,0.5992238521575928
008,YOLOv11s,False,216,0,False,True,0.6104391813278198
008,YOLOv11s,False,217,0,False,True,0.6001602411270142
008,YOLOv11s,False,218,0,False,True,0.6085202693939209
008,YOLOv11s,False,219,0,False,True,0.6198142766952515
008,YOLOv11s,False,220,0,False,True,0.615397572517395
008,YOLOv11s,False,221,0,False,True,0.6179002523422241
008,YOLOv11s,False,222,0,False,True,0.6230107545852661
008,YOLOv11s,False,223,0,False,True,0.6165127158164978
008,YOLOv11s,False,224,0,False,True,0.6219345331192017
008,YOLOv11s,False,225,0,False,True,0.6235644817352295
008,YOLOv11s,False,226,0,False,True,0.6269649863243103
008,YOLOv11s,False,227,0,False,True,0.6211026906967163
008,YOLOv11s,False,228,0,False,True,0.6112675070762634
008,YOLOv11s,False,229,0,False,True,0.6122838258743286
008,YOLOv11s,False,230,0,False,True,0.6081316471099854
008,YOLOv11s,False,231,0,False,True,0.6042983531951904
008,YOLOv11s,False,232,0,False,True,0.6095516681671143
008,YOLOv11s,False,233,0,False,True,0.5975112915039062
008,YOLOv11s,False,234,0,False,True,0.5953080654144287
008,YOLOv11s,False,235,0,False,True,0.6040226221084595
008,YOLOv11s,False,236,0,False,True,0.6021835803985596
008,YOLOv11s,False,237,0,False,True,0.5978727340698242
008,YOLOv11s,False,238,0,False,True,0.6033825874328613
008,YOLOv11s,False,239,0,False,True,0.5902854800224304
008,YOLOv11s,False,240,0,False,True,0.5973918437957764
008,YOLOv11s,False,241,0,False,True,0.6111096143722534
008,YOLOv11s,False,242,0,False,True,0.6100482940673828
008,YOLOv11s,False,243,0,False,True,0.6151583194732666
008,YOLOv11s,False,244,0,False,True,0.6101944446563721
008,YOLOv11s,False,245,0,False,True,0.6092526912689209
008,YOLOv11s,False,246,0,False,True,0.6044332981109619
008,YOLOv11s,False,247,0,False,True,0.6040518283843994
008,YOLOv11s,False,248,0,False,True,0.6030923128128052
008,YOLOv11s,False,249,0,False,True,0.6022708415985107
008,YOLOv11s,False,250,0,False,True,0.6034885048866272
008,YOLOv11s,False,251,0,False,True,0.5985339879989624
008,YOLOv11s,False,252,0,False,True,0.603541910648346
008,YOLOv11s,False,253,0,False,True,0.6074578166007996
008,YOLOv11s,False,254,0,False,True,0.5948547124862671
008,YOLOv11s,False,255,0,False,True,0.5886722803115845
008,YOLOv11s,False,256,0,False,True,0.5996712446212769
008,YOLOv11s,False,257,0,False,True,0.6243098974227905
008,YOLOv11s,False,258,0,False,True,0.6184532642364502
008,YOLOv11s,False,259,0,False,True,0.6160657405853271
008,YOLOv11s,False,260,0,False,True,0.6234355568885803
008,YOLOv11s,False,261,0,False,True,0.6153773069381714
008,YOLOv11s,False,262,0,False,True,0.6149221062660217
008,YOLOv11s,False,263,0,False,True,0.6145627498626709
008,YOLOv11s,False,264,0,False,True,0.6184244751930237
008,YOLOv11s,False,265,0,False,True,0.6168830990791321
008,YOLOv11s,False,266,0,False,True,0.6097476482391357
008,YOLOv11s,False,267,0,False,True,0.607175350189209
008,YOLOv11s,False,268,0,False,True,0.6027169227600098
008,YOLOv11s,False,269,0,False,True,0.609611988067627
008,YOLOv11s,False,270,0,False,True,0.6130563020706177
008,YOLOv11s,False,271,0,False,True,0.6113835573196411
008,YOLOv11s,False,272,0,False,True,0.6052008271217346
008,YOLOv11s,False,273,0,False,True,0.6080987453460693
008,YOLOv11s,False,274,0,False,True,0.6003196835517883
008,YOLOv11s,False,275,0,False,True,0.6065220832824707
008,YOLOv11s,False,276,0,False,True,0.6146336793899536
008,YOLOv11s,False,277,0,False,True,0.6189221739768982
008,YOLOv11s,False,278,0,False,True,0.6147588491439819
008,YOLOv11s,False,279,0,False,True,0.6148684024810791
008,YOLOv11s,False,280,0,False,True,0.6108242273330688
008,YOLOv11s,False,281,0,False,True,0.6140927672386169
008,YOLOv11s,False,282,0,False,True,0.6146928668022156
008,YOLOv11s,False,283,0,False,True,0.6220383644104004
008,YOLOv11s,False,284,0,False,True,0.621148943901062
008,YOLOv11s,False,285,0,False,True,0.6145234107971191
008,YOLOv11s,False,286,0,False,True,0.6190658807754517
008,YOLOv11s,False,287,0,False,True,0.615990161895752
008,YOLOv11s,False,288,0,False,True,0.6224895715713501
008,YOLOv11s,False,289,0,False,True,0.6214253902435303
008,YOLOv11s,False,290,0,False,True,0.5978809595108032
008,YOLOv11s,False,291,0,False,True,0.6068006753921509
008,YOLOv11s,False,292,0,False,True,0.6089433431625366
008,YOLOv11s,False,293,0,False,True,0.6095373034477234
008,YOLOv11s,False,294,0,False,True,0.6062204837799072
008,YOLOv11s,False,295,0,False,True,0.6056008338928223
008,YOLOv11s,False,296,0,False,True,0.6060096621513367
008,YOLOv11s,False,297,0,False,True,0.6116622686386108
008,YOLOv11s,False,298,0,False,True,0.6134077310562134
008,YOLOv11s,False,299,0,False,True,0.6064842939376831
008,YOLOv11s,False,300,0,False,True,0.6018840074539185
008,YOLOv11s,False,301,0,False,True,0.613784909248352
008,YOLOv11s,False,302,0,False,True,0.6109148263931274
008,YOLOv11s,False,303,0,False,True,0.6114909648895264
008,YOLOv11s,False,304,0,False,True,0.6015239953994751
008,YOLOv11s,False,305,0,False,True,0.6087591648101807
008,YOLOv11s,False,306,0,False,True,0.6077175140380859
008,YOLOv11s,False,307,0,False,True,0.6063272953033447
008,YOLOv11s,False,308,0,False,True,0.6026890277862549
008,YOLOv11s,False,309,0,False,True,0.609337568283081
008,YOLOv11s,False,310,0,False,True,0.6141307353973389
008,YOLOv11s,False,311,0,False,True,0.6150097250938416
008,YOLOv11s,False,312,0,False,True,0.613717794418335
008,YOLOv11s,False,313,0,False,True,0.6049392223358154
008,YOLOv11s,False,314,0,False,True,0.6046855449676514
008,YOLOv11s,False,315,0,False,True,0.6129250526428223
008,YOLOv11s,False,316,0,False,True,0.6217562556266785
008,YOLOv11s,False,317,0,False,True,0.6079341173171997
008,YOLOv11s,False,318,0,False,True,0.6143271327018738
008,YOLOv11s,False,319,0,False,True,0.60868901014328
008,YOLOv11s,False,320,0,False,True,0.60460364818573
008,YOLOv11s,False,321,0,False,True,0.6042718887329102
008,YOLOv11s,False,322,0,False,True,0.5943863987922668
008,YOLOv11s,False,323,0,False,True,0.5949615240097046
008,YOLOv11s,False,324,0,False,True,0.5994182825088501
008,YOLOv11s,False,325,0,False,True,0.6072690486907959
008,YOLOv11s,False,326,0,False,True,0.6084870100021362
008,YOLOv11s,False,327,0,False,True,0.6055322885513306
008,YOLOv11s,False,328,0,False,True,0.603134274482727
008,YOLOv11s,False,329,0,False,True,0.6025412678718567
008,YOLOv11s,False,330,0,False,True,0.6010358929634094
008,YOLOv11s,False,331,0,False,True,0.5994558334350586
008,YOLOv11s,False,332,0,False,True,0.6023396253585815
008,YOLOv11s,False,333,0,False,True,0.6015892028808594
008,YOLOv11s,False,334,0,False,True,0.5951148271560669
008,YOLOv11s,False,335,0,False,True,0.5946177244186401
008,YOLOv11s,False,336,0,False,True,0.6024326086044312
008,YOLOv11s,False,337,0,False,True,0.600212574005127
008,YOLOv11s,False,338,0,False,True,0.6059873104095459
008,YOLOv11s,False,339,0,False,True,0.5913445949554443
008,YOLOv11s,False,340,0,False,True,0.5923271775245667
008,YOLOv11s,False,341,0,False,True,0.599521279335022
008,YOLOv11s,False,342,0,False,True,0.6076997518539429
008,YOLOv11s,False,343,0,False,True,0.6134593486785889
008,YOLOv11s,False,344,0,False,True,0.61201012134552
008,YOLOv11s,False,345,0,False,True,0.6027536392211914
008,YOLOv11s,False,346,0,False,True,0.6153519749641418
008,YOLOv11s,False,347,0,False,True,0.6042969226837158
008,YOLOv11s,False,348,0,False,True,0.6260342001914978
008,YOLOv11s,False,349,0,False,True,0.6031337976455688
008,YOLOv11s,False,350,0,False,True,0.6134066581726074
008,YOLOv11s,False,351,0,False,True,0.6167359352111816
008,YOLOv11s,False,352,0,False,True,0.619705319404602
008,YOLOv11s,False,353,0,False,True,0.6117396354675293
008,YOLOv11s,False,354,0,False,True,0.6169391870498657
008,YOLOv11s,False,355,0,False,True,0.614388108253479
008,YOLOv11s,False,356,0,False,True,0.6088311672210693
008,YOLOv11s,False,357,0,False,True,0.6151618957519531
008,YOLOv11s,False,358,0,False,True,0.6104756593704224
008,YOLOv11s,False,359,0,False,True,0.6117392182350159
008,YOLOv11s,False,360,0,False,True,0.6194283962249756
008,YOLOv11s,False,361,0,False,True,0.6172770261764526
008,YOLOv11s,False,362,0,False,True,0.6142561435699463
008,YOLOv11s,False,363,0,False,True,0.6172795295715332
008,YOLOv11s,False,364,0,False,True,0.6188620924949646
008,YOLOv11s,False,365,0,False,True,0.6183668375015259
008,YOLOv11s,False,366,0,False,True,0.6204448938369751
008,YOLOv11s,False,367,0,False,True,0.6117496490478516
008,YOLOv11s,False,368,0,False,True,0.616035521030426
008,YOLOv11s,False,369,0,False,True,0.628491997718811
008,YOLOv11s,False,370,0,False,True,0.634695291519165
008,YOLOv11s,False,371,0,False,True,0.6273090839385986
008,YOLOv11s,False,372,0,False,True,0.6304976940155029
008,YOLOv11s,False,373,0,False,True,0.6286714673042297
008,YOLOv11s,False,374,0,False,True,0.6215090751647949
008,YOLOv11s,False,375,0,False,True,0.627631664276123
008,YOLOv11s,False,376,0,False,True,0.6277860999107361
008,YOLOv11s,False,377,0,False,True,0.6256617307662964
008,YOLOv11s,False,378,0,False,True,0.6067065000534058
008,YOLOv11s,False,379,0,False,True,0.6085447072982788
008,YOLOv11s,False,380,0,False,True,0.6058388948440552
008,YOLOv11s,False,381,0,False,True,0.6213863492012024
008,YOLOv11s,False,382,0,False,True,0.6211307048797607
008,YOLOv11s,False,383,0,False,True,0.6090376377105713
008,YOLOv11s,False,384,0,False,True,0.6062400937080383
008,YOLOv11s,False,385,0,False,True,0.608758270740509
008,YOLOv11s,False,386,0,False,True,0.6197019219398499
008,YOLOv11s,False,387,0,False,True,0.6130567193031311
008,YOLOv11s,False,388,0,False,True,0.6128420233726501
008,YOLOv11s,False,389,0,False,True,0.613746702671051
008,YOLOv11s,False,390,0,False,True,0.6234619617462158
008,YOLOv11s,False,391,0,False,True,0.6217829585075378
008,YOLOv11s,False,392,0,False,True,0.6234095692634583
008,YOLOv11s,False,393,0,False,True,0.6307196021080017
008,YOLOv11s,False,394,0,False,True,0.624734103679657
008,YOLOv11s,False,395,0,False,True,0.6327080130577087
008,YOLOv11s,False,396,0,False,True,0.6262878179550171
008,YOLOv11s,False,397,0,False,True,0.6194173097610474
008,YOLOv11s,False,398,0,False,True,0.6163415908813477
008,YOLOv11s,False,399,0,False,True,0.6140905618667603
008,YOLOv11s,False,400,0,False,True,0.6232929229736328
008,YOLOv11s,False,401,0,False,True,0.6182671785354614
008,YOLOv11s,False,402,0,False,True,0.6363597512245178
008,YOLOv11s,False,403,0,False,True,0.6323371529579163
008,YOLOv11s,False,404,0,False,True,0.629595160484314
008,YOLOv11s,False,405,0,False,True,0.6395353674888611
008,YOLOv11s,False,406,0,False,True,0.647624135017395
008,YOLOv11s,False,407,0,False,True,0.6338276267051697
008,YOLOv11s,False,407,1,False,True,0.5256791710853577
008,YOLOv11s,False,408,0,False,True,0.6114218235015869
008,YOLOv11s,False,409,0,False,True,0.6431159377098083
008,YOLOv11s,False,410,0,False,True,0.6193066835403442
008,YOLOv11s,False,411,0,False,True,0.6174085736274719
008,YOLOv11s,False,412,0,False,True,0.6185178756713867
008,YOLOv11s,False,413,0,False,True,0.6263947486877441
008,YOLOv11s,False,414,0,False,True,0.6303598880767822
008,YOLOv11s,False,415,0,False,True,0.6331278681755066
008,YOLOv11s,False,416,0,False,True,0.6258184909820557
008,YOLOv11s,False,417,0,False,True,0.6211192607879639
008,YOLOv11s,False,418,0,False,True,0.6251275539398193
008,YOLOv11s,False,419,0,False,True,0.6219347715377808
008,YOLOv11s,False,420,0,False,True,0.6167516708374023
008,YOLOv11s,False,421,0,False,True,0.630761981010437
008,YOLOv11s,False,422,0,False,True,0.6227701902389526
008,YOLOv11s,False,423,0,False,True,0.6328513622283936
008,YOLOv11s,False,424,0,False,True,0.6270843148231506
008,YOLOv11s,False,425,0,False,True,0.628675103187561
008,YOLOv11s,False,426,0,False,True,0.6239071488380432
008,YOLOv11s,False,427,0,False,True,0.6375105381011963
008,YOLOv11s,False,428,0,False,True,0.6286792755126953
008,YOLOv11s,False,429,0,False,True,0.6408110857009888
008,YOLOv11s,False,430,0,False,True,0.6361503005027771
008,YOLOv11s,False,431,0,False,True,0.6486506462097168
008,YOLOv11s,False,432,0,False,True,0.6519549489021301
008,YOLOv11s,False,433,0,False,True,0.6504377722740173
008,YOLOv11s,False,434,0,False,True,0.6600131988525391
008,YOLOv11s,False,435,0,False,True,0.6667430400848389
008,YOLOv11s,False,436,0,False,True,0.664145827293396
008,YOLOv11s,False,437,0,False,True,0.6638443470001221
008,YOLOv11s,False,438,0,False,True,0.6592940092086792
008,YOLOv11s,False,439,0,False,True,0.6726324558258057
008,YOLOv11s,False,440,0,False,True,0.669677734375
008,YOLOv11s,False,441,0,False,True,0.6722722053527832
008,YOLOv11s,False,442,0,False,True,0.6737619042396545
008,YOLOv11s,False,443,0,False,True,0.6767008304595947
008,YOLOv11s,False,444,0,False,True,0.6773185729980469
008,YOLOv11s,False,445,0,False,True,0.6709728240966797
008,YOLOv11s,False,446,0,False,True,0.6701824069023132
008,YOLOv11s,False,447,0,False,True,0.6791248917579651
008,YOLOv11s,False,448,0,False,True,0.6735654473304749
008,YOLOv11s,False,449,0,False,True,0.6738000512123108
008,YOLOv11s,False,450,0,False,True,0.6729192733764648
008,YOLOv11s,False,451,0,False,True,0.6735786199569702
008,YOLOv11s,False,452,0,False,True,0.6803520917892456
008,YOLOv11s,False,453,0,False,True,0.6868871450424194
008,YOLOv11s,False,454,0,False,True,0.688071072101593
008,YOLOv11s,False,455,0,False,True,0.6868112683296204
008,YOLOv11s,False,456,0,False,True,0.6832622289657593
008,YOLOv11s,False,457,0,False,True,0.6901487112045288
008,YOLOv11s,False,458,0,False,True,0.6855891942977905
008,YOLOv11s,False,459,0,False,True,0.6839198470115662
008,YOLOv11s,False,460,0,False,True,0.6833319664001465
008,YOLOv11s,False,461,0,False,True,0.6864712238311768
008,YOLOv11s,False,462,0,False,True,0.6950781941413879
008,YOLOv11s,False,463,0,False,True,0.6899194717407227
008,YOLOv11s,False,464,0,False,True,0.6850011348724365
008,YOLOv11s,False,465,0,False,True,0.6823209524154663
008,YOLOv11s,False,466,0,False,True,0.683484673500061
008,YOLOv11s,False,467,0,False,True,0.6905878186225891
008,YOLOv11s,False,468,0,False,True,0.683174729347229
008,YOLOv11s,False,469,0,False,True,0.6862267255783081
008,YOLOv11s,False,470,0,False,True,0.6864515542984009
008,YOLOv11s,False,471,0,False,True,0.6859287023544312
008,YOLOv11s,False,472,0,False,True,0.6869072914123535
008,YOLOv11s,False,473,0,False,True,0.6911935806274414
009,YOLOv11s,False,0,0,False,True,0.6113194227218628
009,YOLOv11s,False,1,0,False,True,0.6205904483795166
009,YOLOv11s,False,2,0,False,True,0.6202288269996643
009,YOLOv11s,False,3,0,False,True,0.6213188171386719
009,YOLOv11s,False,4,0,False,True,0.6116346120834351
009,YOLOv11s,False,5,0,False,True,0.6109465956687927
009,YOLOv11s,False,6,0,False,True,0.6263889074325562
009,YOLOv11s,False,7,0,False,True,0.6326925158500671
009,YOLOv11s,False,8,0,False,True,0.6197726726531982
009,YOLOv11s,False,9,0,False,True,0.6236228942871094
009,YOLOv11s,False,10,0,False,True,0.6158241033554077
009,YOLOv11s,False,11,0,False,True,0.6128811836242676
009,YOLOv11s,False,12,0,False,True,0.620881199836731
009,YOLOv11s,False,13,0,False,True,0.6286922097206116
009,YOLOv11s,False,14,0,False,True,0.6260302066802979
009,YOLOv11s,False,15,0,False,True,0.6294775009155273
009,YOLOv11s,False,16,0,False,True,0.6199319958686829
009,YOLOv11s,False,17,0,False,True,0.6208807229995728
009,YOLOv11s,False,18,0,False,True,0.6262108087539673
009,YOLOv11s,False,19,0,False,True,0.6261358261108398
009,YOLOv11s,False,20,0,False,True,0.6219282746315002
009,YOLOv11s,False,21,0,False,True,0.6259625554084778
009,YOLOv11s,False,22,0,False,True,0.6225680112838745
009,YOLOv11s,False,23,0,False,True,0.6212977170944214
009,YOLOv11s,False,24,0,False,True,0.6216436624526978
009,YOLOv11s,False,25,0,False,True,0.6249473690986633
009,YOLOv11s,False,26,0,False,True,0.6275112628936768
009,YOLOv11s,False,27,0,False,True,0.6348984241485596
009,YOLOv11s,False,28,0,False,True,0.6272844076156616
009,YOLOv11s,False,29,0,False,True,0.6350668668746948
009,YOLOv11s,False,30,0,False,True,0.6352834701538086
009,YOLOv11s,False,31,0,False,True,0.6324318647384644
009,YOLOv11s,False,32,0,False,True,0.6298353672027588
009,YOLOv11s,False,33,0,False,True,0.6245936751365662
009,YOLOv11s,False,34,0,False,True,0.6307469606399536
009,YOLOv11s,False,35,0,False,True,0.6311226487159729
009,YOLOv11s,False,36,0,False,True,0.6413010358810425
009,YOLOv11s,False,37,0,False,True,0.6389997005462646
009,YOLOv11s,False,38,0,False,True,0.6415765881538391
009,YOLOv11s,False,39,0,False,True,0.6368697881698608
009,YOLOv11s,False,40,0,False,True,0.6333352327346802
009,YOLOv11s,False,41,0,False,True,0.6332842707633972
009,YOLOv11s,False,42,0,False,True,0.6377687454223633
009,YOLOv11s,False,43,0,False,True,0.6409642696380615
009,YOLOv11s,False,44,0,False,True,0.6436922550201416
009,YOLOv11s,False,45,0,False,True,0.6416732668876648
009,YOLOv11s,False,46,0,False,True,0.638313889503479
009,YOLOv11s,False,47,0,False,True,0.6357319355010986
009,YOLOv11s,False,48,0,False,True,0.6387072801589966
009,YOLOv11s,False,49,0,False,True,0.635088324546814
009,YOLOv11s,False,50,0,False,True,0.6301147937774658
009,YOLOv11s,False,51,0,False,True,0.6376419067382812
009,YOLOv11s,False,52,0,False,True,0.6321967840194702
009,YOLOv11s,False,53,0,False,True,0.6306478381156921
009,YOLOv11s,False,54,0,False,True,0.627709686756134
009,YOLOv11s,False,55,0,False,True,0.6327705383300781
009,YOLOv11s,False,56,0,False,True,0.6433697938919067
009,YOLOv11s,False,57,0,False,True,0.6374977827072144
009,YOLOv11s,False,58,0,False,True,0.6356694102287292
009,YOLOv11s,False,59,0,False,True,0.6311730146408081
009,YOLOv11s,False,60,0,False,True,0.629196286201477
009,YOLOv11s,False,61,0,False,True,0.637728214263916
009,YOLOv11s,False,62,0,False,True,0.6296939253807068
009,YOLOv11s,False,63,0,False,True,0.6214017868041992
009,YOLOv11s,False,64,0,False,True,0.631943941116333
009,YOLOv11s,False,65,0,False,True,0.6308966279029846
009,YOLOv11s,False,66,0,False,True,0.6246469020843506
009,YOLOv11s,False,67,0,False,True,0.6335650682449341
009,YOLOv11s,False,68,0,False,True,0.6333810091018677
009,YOLOv11s,False,69,0,False,True,0.626659631729126
009,YOLOv11s,False,70,0,False,True,0.6401507258415222
009,YOLOv11s,False,71,0,False,True,0.6311461925506592
009,YOLOv11s,False,72,0,False,True,0.6271519660949707
009,YOLOv11s,False,73,0,False,True,0.6363058686256409
009,YOLOv11s,False,74,0,False,True,0.6336104869842529
009,YOLOv11s,False,75,0,False,True,0.6393165588378906
009,YOLOv11s,False,76,0,False,True,0.6342186331748962
009,YOLOv11s,False,77,0,False,True,0.6358621716499329
009,YOLOv11s,False,78,0,False,True,0.6369355320930481
009,YOLOv11s,False,79,0,False,True,0.6259337663650513
009,YOLOv11s,False,80,0,False,True,0.6304365396499634
009,YOLOv11s,False,81,0,False,True,0.630875289440155
009,YOLOv11s,False,82,0,False,True,0.6291682720184326
009,YOLOv11s,False,83,0,False,True,0.6329795122146606
009,YOLOv11s,False,84,0,False,True,0.6399784684181213
009,YOLOv11s,False,85,0,False,True,0.6337516903877258
009,YOLOv11s,False,86,0,False,True,0.6302294731140137
009,YOLOv11s,False,87,0,False,True,0.6516151428222656
009,YOLOv11s,False,88,0,False,True,0.6480114459991455
009,YOLOv11s,False,89,0,False,True,0.6548201441764832
009,YOLOv11s,False,90,0,False,True,0.6558011770248413
009,YOLOv11s,False,91,0,False,True,0.648491382598877
009,YOLOv11s,False,92,0,False,True,0.6454997062683105
009,YOLOv11s,False,93,0,False,True,0.647084653377533
009,YOLOv11s,False,94,0,False,True,0.6428127288818359
009,YOLOv11s,False,95,0,False,True,0.6440640091896057
009,YOLOv11s,False,96,0,False,True,0.6535787582397461
009,YOLOv11s,False,97,0,False,True,0.6449055075645447
009,YOLOv11s,False,98,0,False,True,0.6511099338531494
009,YOLOv11s,False,99,0,False,True,0.6538044214248657
009,YOLOv11s,False,100,0,False,True,0.6550561785697937
009,YOLOv11s,False,101,0,False,True,0.6471724510192871
009,YOLOv11s,False,102,0,False,True,0.6406426429748535
009,YOLOv11s,False,103,0,False,True,0.6474062204360962
009,YOLOv11s,False,104,0,False,True,0.6541166305541992
009,YOLOv11s,False,105,0,False,True,0.6445201635360718
009,YOLOv11s,False,106,0,False,True,0.6464115977287292
009,YOLOv11s,False,107,0,False,True,0.6543742418289185
009,YOLOv11s,False,108,0,False,True,0.6528797149658203
009,YOLOv11s,False,109,0,False,True,0.6569725275039673
009,YOLOv11s,False,110,0,False,True,0.6606121063232422
009,YOLOv11s,False,111,0,False,True,0.6534351706504822
009,YOLOv11s,False,112,0,False,True,0.6503621339797974
009,YOLOv11s,False,113,0,False,True,0.6436325311660767
009,YOLOv11s,False,114,0,False,True,0.6535042524337769
009,YOLOv11s,False,115,0,False,True,0.654645562171936
009,YOLOv11s,False,116,0,False,True,0.6483404636383057
009,YOLOv11s,False,117,0,False,True,0.6432207822799683
009,YOLOv11s,False,118,0,False,True,0.6437878608703613
009,YOLOv11s,False,119,0,False,True,0.6412721276283264
009,YOLOv11s,False,120,0,False,True,0.6423468589782715
009,YOLOv11s,False,121,0,False,True,0.640648365020752
009,YOLOv11s,False,122,0,False,True,0.6493200659751892
009,YOLOv11s,False,123,0,False,True,0.6515369415283203
009,YOLOv11s,False,124,0,False,True,0.6371943950653076
009,YOLOv11s,False,125,0,False,True,0.6431189775466919
009,YOLOv11s,False,126,0,False,True,0.6398733854293823
009,YOLOv11s,False,127,0,False,True,0.6349281072616577
009,YOLOv11s,False,128,0,False,True,0.6363447904586792
009,YOLOv11s,False,129,0,False,True,0.6329094767570496
009,YOLOv11s,False,130,0,False,True,0.6424167156219482
009,YOLOv11s,False,131,0,False,True,0.6539992690086365
009,YOLOv11s,False,132,0,False,True,0.6473792791366577
009,YOLOv11s,False,133,0,False,True,0.648169994354248
009,YOLOv11s,False,134,0,False,True,0.6422085762023926
009,YOLOv11s,False,135,0,False,True,0.6341650485992432
009,YOLOv11s,False,136,0,False,True,0.623424768447876
009,YOLOv11s,False,137,0,False,True,0.6283072233200073
009,YOLOv11s,False,138,0,False,True,0.6310756206512451
009,YOLOv11s,False,139,0,False,True,0.6295709609985352
009,YOLOv11s,False,140,0,False,True,0.6242111921310425
009,YOLOv11s,False,141,0,False,True,0.6200668215751648
009,YOLOv11s,False,142,0,False,True,0.6279276013374329
009,YOLOv11s,False,143,0,False,True,0.6309279203414917
009,YOLOv11s,False,144,0,False,True,0.6124898195266724
009,YOLOv11s,False,145,0,False,True,0.6166497468948364
009,YOLOv11s,False,145,1,False,True,0.5263780951499939
009,YOLOv11s,False,146,0,False,True,0.6185318231582642
009,YOLOv11s,False,147,0,False,True,0.5971431732177734
009,YOLOv11s,False,148,0,False,True,0.6953233480453491
009,YOLOv11s,False,148,1,False,True,0.5897971391677856
009,YOLOv11s,False,149,0,False,True,0.5900322198867798
009,YOLOv11s,False,149,1,False,True,0.5143637657165527
009,YOLOv11s,False,150,0,False,True,0.5783411860466003
009,YOLOv11s,False,151,0,False,True,0.575873851776123
009,YOLOv11s,False,152,0,False,True,0.5817034244537354
009,YOLOv11s,False,153,0,False,True,0.5706759691238403
009,YOLOv11s,False,154,0,False,True,0.586553156375885
009,YOLOv11s,False,155,0,False,True,0.5681682825088501
009,YOLOv11s,False,156,0,False,True,0.5739500522613525
009,YOLOv11s,False,157,0,False,True,0.5693923234939575
009,YOLOv11s,False,158,0,False,True,0.5605970621109009
009,YOLOv11s,False,159,0,False,True,0.5725624561309814
009,YOLOv11s,False,160,0,False,True,0.5759459733963013
009,YOLOv11s,False,161,0,False,True,0.5751354694366455
009,YOLOv11s,False,162,0,False,True,0.5665658712387085
009,YOLOv11s,False,163,0,False,True,0.5827730298042297
009,YOLOv11s,False,164,0,False,True,0.5998793840408325
009,YOLOv11s,False,165,0,False,True,0.5999544858932495
009,YOLOv11s,False,166,0,False,True,0.5844799280166626
009,YOLOv11s,False,167,0,False,True,0.543889045715332
009,YOLOv11s,False,168,0,False,True,0.5375442504882812
009,YOLOv11s,False,169,0,False,True,0.5604777336120605
009,YOLOv11s,False,170,0,False,True,0.5762017369270325
009,YOLOv11s,False,171,0,False,True,0.5756345987319946
009,YOLOv11s,False,172,0,False,True,0.562463104724884
009,YOLOv11s,False,173,0,False,True,0.5401620864868164
009,YOLOv11s,False,174,0,False,True,0.5296108722686768
009,YOLOv11s,False,175,0,False,True,0.5117577314376831
009,YOLOv11s,False,176,0,False,True,0.5200806856155396
009,YOLOv11s,False,177,0,False,True,0.5291843414306641
009,YOLOv11s,False,177,1,False,True,0.5150810480117798
009,YOLOv11s,False,178,0,False,True,0.5713553428649902
009,YOLOv11s,False,178,1,False,True,0.5238126516342163
009,YOLOv11s,False,179,0,False,True,0.5332521200180054
009,YOLOv11s,False,180,0,False,True,0.5360918045043945
009,YOLOv11s,False,181,0,False,True,0.5329625606536865
009,YOLOv11s,False,182,0,False,True,0.5568349957466125
009,YOLOv11s,False,183,0,False,True,0.5530034303665161
009,YOLOv11s,False,184,0,False,True,0.5268839001655579
009,YOLOv11s,False,185,0,False,True,0.5777651071548462
009,YOLOv11s,False,185,1,False,True,0.5170044898986816
009,YOLOv11s,False,186,0,False,True,0.5274548530578613
009,YOLOv11s,False,187,0,False,True,0.5669158697128296
009,YOLOv11s,False,187,1,False,True,0.5348008275032043
009,YOLOv11s,False,188,0,False,True,0.609653651714325
009,YOLOv11s,False,188,1,False,True,0.5243180990219116
009,YOLOv11s,False,189,0,False,True,0.5100755095481873
009,YOLOv11s,False,190,0,False,True,0.5333518981933594
009,YOLOv11s,False,191,0,False,True,0.6379379630088806
009,YOLOv11s,False,191,1,False,True,0.5222617983818054
009,YOLOv11s,False,192,0,False,True,0.5380829572677612
009,YOLOv11s,False,193,0,False,True,0.5371017456054688
009,YOLOv11s,False,194,0,False,True,0.7595974802970886
009,YOLOv11s,False,194,1,False,True,0.5343319177627563
009,YOLOv11s,False,195,0,False,True,0.6985405683517456
009,YOLOv11s,False,195,1,False,True,0.5420986413955688
009,YOLOv11s,False,196,0,False,True,0.7453349232673645
009,YOLOv11s,False,196,1,False,True,0.5446181297302246
009,YOLOv11s,False,197,0,False,True,0.6398245096206665
009,YOLOv11s,False,197,1,False,True,0.5420995950698853
009,YOLOv11s,False,198,0,False,True,0.7971463799476624
009,YOLOv11s,False,198,1,False,True,0.5366133451461792
009,YOLOv11s,False,199,0,False,True,0.7805972695350647
009,YOLOv11s,False,199,1,False,True,0.5365521907806396
009,YOLOv11s,False,200,0,False,True,0.7231346964836121
009,YOLOv11s,False,200,1,False,True,0.5363074541091919
009,YOLOv11s,False,201,0,False,True,0.5350392460823059
009,YOLOv11s,False,201,1,False,True,0.526191234588623
009,YOLOv11s,False,202,0,False,True,0.5277664661407471
009,YOLOv11s,False,202,1,False,True,0.5009279251098633
009,YOLOv11s,False,203,0,False,True,0.6689862012863159
009,YOLOv11s,False,203,1,False,True,0.5593605637550354
009,YOLOv11s,False,204,0,False,True,0.6165323257446289
009,YOLOv11s,False,204,1,False,True,0.5618501901626587
009,YOLOv11s,False,205,0,False,True,0.572869062423706
009,YOLOv11s,False,205,1,False,True,0.5501840114593506
009,YOLOv11s,False,206,0,False,True,0.5547119379043579
009,YOLOv11s,False,207,0,False,True,0.5498273372650146
009,YOLOv11s,False,208,0,False,True,0.5494046807289124
009,YOLOv11s,False,209,0,False,True,0.5604218244552612
009,YOLOv11s,False,210,0,False,True,0.5509181022644043
009,YOLOv11s,False,211,0,False,True,0.515643835067749
009,YOLOv11s,False,212,0,False,True,0.5931034684181213
009,YOLOv11s,False,212,1,False,True,0.5085433721542358
009,YOLOv11s,False,213,0,False,True,0.7198513746261597
009,YOLOv11s,False,213,1,False,True,0.5222278833389282
009,YOLOv11s,False,214,0,False,True,0.5106181502342224
009,YOLOv11s,False,215,0,False,True,0.523868203163147
009,YOLOv11s,False,216,0,False,True,0.5347033143043518
009,YOLOv11s,False,217,0,False,True,0.5590041875839233
009,YOLOv11s,False,218,0,False,True,0.6027157306671143
009,YOLOv11s,False,218,1,False,True,0.5359230041503906
009,YOLOv11s,False,219,0,False,True,0.733680248260498
009,YOLOv11s,False,219,1,False,True,0.5606783628463745
009,YOLOv11s,False,220,0,False,True,0.6844187378883362
009,YOLOv11s,False,220,1,False,True,0.5644956827163696
009,YOLOv11s,False,221,0,False,True,0.5626689195632935
009,YOLOv11s,False,222,0,False,True,0.5573983192443848
009,YOLOv11s,False,223,0,False,True,0.5461565256118774
009,YOLOv11s,False,224,0,False,True,0.5667151212692261
009,YOLOv11s,False,225,0,False,True,0.5516101717948914
009,YOLOv11s,False,226,0,False,True,0.5659929513931274
009,YOLOv11s,False,227,0,False,True,0.5671576261520386
009,YOLOv11s,False,227,1,False,True,0.5187360644340515
009,YOLOv11s,False,228,0,False,True,0.5552261471748352
009,YOLOv11s,False,229,0,False,True,0.5608930587768555
009,YOLOv11s,False,230,0,False,True,0.5731467604637146
009,YOLOv11s,False,231,0,False,True,0.5951136350631714
009,YOLOv11s,False,232,0,False,True,0.5844995975494385
009,YOLOv11s,False,233,0,False,True,0.6053539514541626
009,YOLOv11s,False,233,1,False,True,0.5263393521308899
009,YOLOv11s,False,234,0,False,True,0.6285802125930786
009,YOLOv11s,False,235,0,False,True,0.6069660782814026
009,YOLOv11s,False,235,1,False,True,0.5176118612289429
009,YOLOv11s,False,236,0,False,True,0.5981581211090088
009,YOLOv11s,False,237,0,False,True,0.6004194617271423
009,YOLOv11s,False,237,1,False,True,0.5192520618438721
009,YOLOv11s,False,238,0,False,True,0.6843907833099365
009,YOLOv11s,False,238,1,False,True,0.5822948217391968
009,YOLOv11s,False,239,0,False,True,0.65543133020401
009,YOLOv11s,False,239,1,False,True,0.5702527761459351
009,YOLOv11s,False,240,0,False,True,0.6739006638526917
009,YOLOv11s,False,240,1,False,True,0.539229154586792
009,YOLOv11s,False,241,0,False,True,0.760585367679596
009,YOLOv11s,False,241,1,False,True,0.5388758778572083
009,YOLOv11s,False,242,0,False,True,0.7586727142333984
009,YOLOv11s,False,242,1,False,True,0.5634267330169678
009,YOLOv11s,False,243,0,False,True,0.677446186542511
009,YOLOv11s,False,243,1,False,True,0.5724937915802002
009,YOLOv11s,False,244,0,False,True,0.6388363838195801
009,YOLOv11s,False,244,1,False,True,0.5661596059799194
009,YOLOv11s,False,246,0,False,True,0.5539426803588867
009,YOLOv11s,False,248,0,False,True,0.5137145519256592
009,YOLOv11s,False,250,0,False,True,0.5607329607009888
009,YOLOv11s,False,251,0,False,True,0.5011522769927979
009,YOLOv11s,False,252,0,False,True,0.7153177261352539
009,YOLOv11s,False,261,0,False,True,0.5311871767044067
009,YOLOv11s,False,262,0,False,True,0.5804243087768555
009,YOLOv11s,False,263,0,False,True,0.54933762550354
009,YOLOv11s,False,264,0,False,True,0.5818034410476685
009,YOLOv11s,False,265,0,False,True,0.5727449059486389
009,YOLOv11s,False,266,0,False,True,0.6232197284698486
009,YOLOv11s,False,267,0,False,True,0.6209465265274048
009,YOLOv11s,False,268,0,False,True,0.5913791656494141
009,YOLOv11s,False,269,0,False,True,0.6379305124282837
009,YOLOv11s,False,270,0,False,True,0.6476306915283203
009,YOLOv11s,False,271,0,False,True,0.6413618326187134
009,YOLOv11s,False,272,0,False,True,0.6414640545845032
009,YOLOv11s,False,273,0,False,True,0.63899827003479
009,YOLOv11s,False,274,0,False,True,0.6293749809265137
009,YOLOv11s,False,275,0,False,True,0.6311026811599731
009,YOLOv11s,False,276,0,False,True,0.6375876665115356
009,YOLOv11s,False,277,0,False,True,0.633220911026001
009,YOLOv11s,False,278,0,False,True,0.6360019445419312
009,YOLOv11s,False,279,0,False,True,0.6339055299758911
009,YOLOv11s,False,280,0,False,True,0.6340088844299316
009,YOLOv11s,False,281,0,False,True,0.6393899917602539
009,YOLOv11s,False,282,0,False,True,0.639463484287262
009,YOLOv11s,False,283,0,False,True,0.6441702842712402
009,YOLOv11s,False,284,0,False,True,0.6481021642684937
009,YOLOv11s,False,285,0,False,True,0.6412990689277649
009,YOLOv11s,False,286,0,False,True,0.641852617263794
009,YOLOv11s,False,287,0,False,True,0.6462754011154175
009,YOLOv11s,False,288,0,False,True,0.6408154368400574
009,YOLOv11s,False,289,0,False,True,0.6352206468582153
009,YOLOv11s,False,290,0,False,True,0.6444351673126221
009,YOLOv11s,False,291,0,False,True,0.6417146921157837
009,YOLOv11s,False,292,0,False,True,0.6457343101501465
009,YOLOv11s,False,293,0,False,True,0.641372561454773
009,YOLOv11s,False,294,0,False,True,0.6481667160987854
009,YOLOv11s,False,295,0,False,True,0.647243857383728
009,YOLOv11s,False,296,0,False,True,0.6478872299194336
009,YOLOv11s,False,297,0,False,True,0.6505037546157837
009,YOLOv11s,False,298,0,False,True,0.6518790125846863
009,YOLOv11s,False,299,0,False,True,0.6535725593566895
009,YOLOv11s,False,300,0,False,True,0.6479291915893555
009,YOLOv11s,False,301,0,False,True,0.6526561975479126
009,YOLOv11s,False,302,0,False,True,0.6442375779151917
009,YOLOv11s,False,303,0,False,True,0.6523640751838684
009,YOLOv11s,False,304,0,False,True,0.6404285430908203
009,YOLOv11s,False,305,0,False,True,0.6486594080924988
009,YOLOv11s,False,306,0,False,True,0.6509205102920532
009,YOLOv11s,False,307,0,False,True,0.6459414958953857
009,YOLOv11s,False,308,0,False,True,0.644698441028595
009,YOLOv11s,False,309,0,False,True,0.643930196762085
009,YOLOv11s,False,310,0,False,True,0.6463062763214111
009,YOLOv11s,False,311,0,False,True,0.6484485864639282
009,YOLOv11s,False,312,0,False,True,0.6406117081642151
009,YOLOv11s,False,313,0,False,True,0.6418002247810364
009,YOLOv11s,False,314,0,False,True,0.6419374942779541
009,YOLOv11s,False,315,0,False,True,0.6417852640151978
009,YOLOv11s,False,316,0,False,True,0.6345097422599792
009,YOLOv11s,False,317,0,False,True,0.636054515838623
009,YOLOv11s,False,318,0,False,True,0.6377872228622437
009,YOLOv11s,False,319,0,False,True,0.6456880569458008
009,YOLOv11s,False,320,0,False,True,0.6294536590576172
009,YOLOv11s,False,321,0,False,True,0.6353497505187988
009,YOLOv11s,False,322,0,False,True,0.6392791867256165
009,YOLOv11s,False,323,0,False,True,0.6462335586547852
009,YOLOv11s,False,324,0,False,True,0.6498900651931763
009,YOLOv11s,False,325,0,False,True,0.6467535495758057
009,YOLOv11s,False,326,0,False,True,0.6342940330505371
009,YOLOv11s,False,327,0,False,True,0.6298197507858276
009,YOLOv11s,False,328,0,False,True,0.6296550035476685
009,YOLOv11s,False,329,0,False,True,0.6264641284942627
009,YOLOv11s,False,330,0,False,True,0.6406527757644653
009,YOLOv11s,False,331,0,False,True,0.6476483345031738
009,YOLOv11s,False,332,0,False,True,0.6465911865234375
009,YOLOv11s,False,333,0,False,True,0.6325621604919434
009,YOLOv11s,False,334,0,False,True,0.6390283107757568
009,YOLOv11s,False,335,0,False,True,0.6370861530303955
009,YOLOv11s,False,336,0,False,True,0.6407825350761414
009,YOLOv11s,False,337,0,False,True,0.6412534713745117
009,YOLOv11s,False,338,0,False,True,0.6407171487808228
009,YOLOv11s,False,339,0,False,True,0.6401907205581665
009,YOLOv11s,False,340,0,False,True,0.640972375869751
009,YOLOv11s,False,341,0,False,True,0.6364131569862366
009,YOLOv11s,False,342,0,False,True,0.6412431597709656
009,YOLOv11s,False,343,0,False,True,0.6388920545578003
009,YOLOv11s,False,344,0,False,True,0.642190158367157
009,YOLOv11s,False,345,0,False,True,0.6370002031326294
009,YOLOv11s,False,346,0,False,True,0.6336283683776855
009,YOLOv11s,False,347,0,False,True,0.6299089193344116
009,YOLOv11s,False,348,0,False,True,0.6391863822937012
009,YOLOv11s,False,349,0,False,True,0.6449622511863708
009,YOLOv11s,False,350,0,False,True,0.6469762325286865
009,YOLOv11s,False,351,0,False,True,0.63677978515625
009,YOLOv11s,False,352,0,False,True,0.6374750137329102
009,YOLOv11s,False,353,0,False,True,0.634566068649292
009,YOLOv11s,False,354,0,False,True,0.6376017332077026
009,YOLOv11s,False,355,0,False,True,0.6341743469238281
009,YOLOv11s,False,356,0,False,True,0.639086127281189
009,YOLOv11s,False,357,0,False,True,0.6416305303573608
009,YOLOv11s,False,358,0,False,True,0.6293309330940247
009,YOLOv11s,False,359,0,False,True,0.6351979374885559
009,YOLOv11s,False,360,0,False,True,0.6439745426177979
009,YOLOv11s,False,361,0,False,True,0.6424646973609924
009,YOLOv11s,False,362,0,False,True,0.6387404799461365
009,YOLOv11s,False,363,0,False,True,0.6259440183639526
009,YOLOv11s,False,364,0,False,True,0.636131763458252
009,YOLOv11s,False,365,0,False,True,0.6380141377449036
009,YOLOv11s,False,366,0,False,True,0.6399540901184082
009,YOLOv11s,False,367,0,False,True,0.6380183100700378
009,YOLOv11s,False,368,0,False,True,0.6331934332847595
009,YOLOv11s,False,369,0,False,True,0.6303501129150391
009,YOLOv11s,False,370,0,False,True,0.6331456303596497
009,YOLOv11s,False,371,0,False,True,0.629218578338623
009,YOLOv11s,False,372,0,False,True,0.6313472986221313
009,YOLOv11s,False,373,0,False,True,0.6320453882217407
009,YOLOv11s,False,374,0,False,True,0.6314147710800171
009,YOLOv11s,False,375,0,False,True,0.6393115520477295
009,YOLOv11s,False,376,0,False,True,0.6376407742500305
009,YOLOv11s,False,377,0,False,True,0.6329294443130493
009,YOLOv11s,False,378,0,False,True,0.6290321350097656
009,YOLOv11s,False,379,0,False,True,0.6368570327758789
009,YOLOv11s,False,380,0,False,True,0.6359728574752808
009,YOLOv11s,False,381,0,False,True,0.6306140422821045
009,YOLOv11s,False,382,0,False,True,0.6288963556289673
009,YOLOv11s,False,383,0,False,True,0.6418079137802124
009,YOLOv11s,False,384,0,False,True,0.6370724439620972
009,YOLOv11s,False,385,0,False,True,0.6315858960151672
009,YOLOv11s,False,386,0,False,True,0.6334220170974731
009,YOLOv11s,False,387,0,False,True,0.6352754831314087
009,YOLOv11s,False,388,0,False,True,0.6371269226074219
009,YOLOv11s,False,389,0,False,True,0.6390553116798401
009,YOLOv11s,False,390,0,False,True,0.6373681426048279
009,YOLOv11s,False,391,0,False,True,0.6337350606918335
009,YOLOv11s,False,392,0,False,True,0.6347512006759644
009,YOLOv11s,False,393,0,False,True,0.6421958208084106
009,YOLOv11s,False,394,0,False,True,0.6405966281890869
009,YOLOv11s,False,395,0,False,True,0.6444008350372314
009,YOLOv11s,False,396,0,False,True,0.640891432762146
009,YOLOv11s,False,397,0,False,True,0.6443121433258057
009,YOLOv11s,False,398,0,False,True,0.6425474882125854
009,YOLOv11s,False,399,0,False,True,0.6430638432502747
009,YOLOv11s,False,400,0,False,True,0.6368720531463623
009,YOLOv11s,False,401,0,False,True,0.6417068243026733
009,YOLOv11s,False,402,0,False,True,0.6447122097015381
009,YOLOv11s,False,403,0,False,True,0.6432802677154541
009,YOLOv11s,False,404,0,False,True,0.640449047088623
009,YOLOv11s,False,405,0,False,True,0.638436496257782
009,YOLOv11s,False,406,0,False,True,0.6425415873527527
009,YOLOv11s,False,407,0,False,True,0.6374348998069763
009,YOLOv11s,False,408,0,False,True,0.6309430599212646
009,YOLOv11s,False,409,0,False,True,0.6363725662231445
009,YOLOv11s,False,410,0,False,True,0.6328498721122742
009,YOLOv11s,False,411,0,False,True,0.6332663297653198
009,YOLOv11s,False,412,0,False,True,0.6313879489898682
009,YOLOv11s,False,413,0,False,True,0.6286708116531372
009,YOLOv11s,False,414,0,False,True,0.6375927329063416
009,YOLOv11s,False,415,0,False,True,0.6321932077407837
009,YOLOv11s,False,416,0,False,True,0.6188799142837524
009,YOLOv11s,False,417,0,False,True,0.6228649020195007
009,YOLOv11s,False,418,0,False,True,0.6110776662826538
009,YOLOv11s,False,419,0,False,True,0.6245778203010559
009,YOLOv11s,False,420,0,False,True,0.6442603468894958
009,YOLOv11s,False,421,0,False,True,0.6272772550582886
